,Pore_id,volume_raw,volume_mean,surface_raw,surface_mean
0,0,[21.5],21.5,[32.55634891986847],32.55634891986847
1,1,"[165.5, 149.0, 122.5, 118.0]",138.75,"[165.53910398483276, 160.1248904466629, 135.95331752300262, 131.71067690849304]",148.33199721574783
2,2,"[82.0, 87.5, 67.0, 55.0, 36.0]",65.5,"[72.5979790687561, 72.84061968326569, 59.69848430156708, 41.21320307254791, 31.14213538169861]",55.498484301567075
3,4,[41.5],41.5,[30.485281229019165],30.485281229019165
4,5,[389.5],389.5,[242.0365778207779],242.0365778207779
5,6,[42.5],42.5,[37.79898953437805],37.79898953437805
6,7,[108.0],108.0,[131.9827550649643],131.9827550649643
7,8,[41.0],41.0,[33.14213538169861],33.14213538169861
8,9,[76.0],76.0,[115.56854152679443],115.56854152679443
9,10,[36.5],36.5,[31.38477599620819],31.38477599620819
10,11,"[62.0, 93.0]",77.5,"[109.91168737411499, 112.32590091228485]",111.11879414319992
11,12,"[86.0, 69.0]",77.5,"[122.39696860313416, 80.94112491607666]",101.66904675960541
12,13,[66.5],66.5,[77.5269113779068],77.5269113779068
13,14,"[24.0, 111.0]",67.5,"[30.313708305358887, 116.39696860313416]",73.35533845424652
14,15,"[22.5, 20.5, 17.5]",20.166666666666668,"[32.97056245803833, 30.55634891986847, 30.55634891986847]",31.36108676592509
15,16,"[89.0, 112.5, 104.5, 106.0]",103.0,"[57.28427076339722, 72.84061968326569, 62.35533845424652, 68.94112491607666]",65.35533845424652
16,17,"[82.5, 152.0]",117.25,"[67.18376553058624, 102.25483322143555]",84.7192993760109
17,18,[140.5],140.5,[100.15432798862457],100.15432798862457
18,19,[197.0],197.0,[153.85281229019165],153.85281229019165
19,20,[36.5],36.5,[41.455843687057495],41.455843687057495
20,21,[207.0],207.0,[151.02438521385193],151.02438521385193
21,22,[62.0],62.0,[64.4558436870575],64.4558436870575
22,23,[69.0],69.0,[50.38477599620819],50.38477599620819
23,24,[57.5],57.5,[65.04163014888763],65.04163014888763
24,25,[210.5],210.5,[183.61017167568207],183.61017167568207
25,26,[159.0],159.0,[118.88224983215332],118.88224983215332
26,27,[54.5],54.5,[68.69848430156708],68.69848430156708
27,28,[212.5],212.5,[121.32590091228485],121.32590091228485
28,29,[152.0],152.0,[118.0538227558136],118.0538227558136
29,30,[50.5],50.5,[68.69848430156708],68.69848430156708
30,31,[213.0],213.0,[123.91168737411499],123.91168737411499
31,32,[37.5],37.5,[41.38477599620819],41.38477599620819
32,33,"[213.5, 253.0, 236.0]",234.16666666666666,"[133.81118214130402, 150.0538227558136, 155.71067690849304]",146.5252272685369
33,34,[251.5],251.5,[166.4385987520218],166.4385987520218
34,35,[79.5],79.5,[65.04163014888763],65.04163014888763
35,36,[275.5],275.5,[218.5807341337204],218.5807341337204
36,37,[100.0],100.0,[73.28427076339722],73.28427076339722
37,38,"[267.0, 73.5, 89.0, 94.0, 104.0, 102.5, 83.5]",116.21428571428571,"[206.68123936653137, 38.21320307254791, 42.455843687057495, 47.28427076339722, 56.11269783973694, 74.35533845424652, 67.94112491607666]",76.14910258565631
38,39,[83.0],83.0,[76.5979790687561],76.5979790687561
39,40,"[228.5, 66.5, 67.5]",120.83333333333333,"[159.88224983215332, 51.79898953437805, 52.21320307254791]",87.96481414635976
40,41,[65.0],65.0,[66.5979790687561],66.5979790687561
41,42,"[67.0, 35.5, 88.0, 32.0]",55.625,"[67.76955199241638, 32.55634891986847, 72.94112491607666, 40.38477599620819]",53.412950456142426
42,43,[21.0],21.0,[30.38477599620819],30.38477599620819
43,44,[50.5],50.5,[54.28427076339722],54.28427076339722
44,45,[40.5],40.5,[62.35533845424652],62.35533845424652
45,46,"[28.0, 41.0, 34.5]",34.5,"[59.69848430156708, 64.25483322143555, 67.5979790687561]",63.85043219725291
46,47,[43.5],43.5,[39.79898953437805],39.79898953437805
47,48,[12.0],12.0,[30.313708305358887],30.313708305358887
48,49,"[20.5, 27.0]",23.75,"[30.97056245803833, 32.79898953437805]",31.88477599620819
49,50,"[18.0, 40.5, 41.0, 34.5]",33.5,"[34.79898953437805, 62.35533845424652, 64.25483322143555, 67.5979790687561]",57.251785069704056
50,51,"[43.5, 222.5]",133.0,"[39.79898953437805, 168.92387998104095]",104.3614347577095
51,52,[46.0],46.0,[39.97056245803833],39.97056245803833
52,53,"[46.5, 49.0, 47.0, 39.5]",45.5,"[43.38477599620819, 43.62741661071777, 61.62741661071777, 42.14213538169861]",47.69543614983559
53,54,"[32.0, 79.0]",55.5,"[41.14213538169861, 79.28427076339722]",60.21320307254791
54,55,[48.0],48.0,[69.76955199241638],69.76955199241638
55,56,[58.5],58.5,[74.01219260692596],74.01219260692596
56,57,[31.5],31.5,[39.041630148887634],39.041630148887634
57,58,"[79.5, 288.5, 275.0]",214.33333333333334,"[95.66904675960541, 170.78174459934235, 169.02438521385193]",145.15839219093323
58,59,[331.5],331.5,[197.40916121006012],197.40916121006012
59,60,[29.0],29.0,[42.79898953437805],42.79898953437805
60,61,[304.0],304.0,[171.02438521385193],171.02438521385193
61,62,"[273.0, 33.0]",153.0,"[179.5096664428711, 53.21320307254791]",116.3614347577095
62,63,"[33.0, 273.0]",153.0,"[53.21320307254791, 179.5096664428711]",116.3614347577095
63,64,"[216.0, 52.5, 38.5]",102.33333333333333,"[125.29646337032318, 71.94112491607666, 60.28427076339722]",85.84061968326569
64,65,[11.5],11.5,[33.38477599620819],33.38477599620819
65,68,[18.5],18.5,[36.21320307254791],36.21320307254791
66,69,"[18.0, 14.5]",16.25,"[37.62741661071777, 30.14213538169861]",33.88477599620819
67,71,[52.0],52.0,[64.5979790687561],64.5979790687561
68,72,[22.5],22.5,[36.21320307254791],36.21320307254791
69,73,"[67.0, 48.5, 59.5]",58.333333333333336,"[80.94112491607666, 47.5269113779068, 61.5269113779068]",63.33164922396342
70,74,[57.0],57.0,[60.11269783973694],60.11269783973694
71,75,[47.0],47.0,[44.38477599620819],44.38477599620819
72,76,[25.5],25.5,[35.79898953437805],35.79898953437805
73,77,[96.5],96.5,[108.9827550649643],108.9827550649643
74,78,[48.5],48.5,[74.35533845424652],74.35533845424652
75,79,[102.0],102.0,[107.56854152679443],107.56854152679443
76,80,[35.5],35.5,[47.041630148887634],47.041630148887634
77,81,[36.0],36.0,[62.11269783973694],62.11269783973694
78,82,[39.0],39.0,[49.62741661071777],49.62741661071777
79,83,[30.0],30.0,[56.11269783973694],56.11269783973694
80,84,[107.0],107.0,[120.74011445045471],120.74011445045471
81,85,[20.0],20.0,[35.55634891986847],35.55634891986847
82,86,[25.0],25.0,[36.79898953437805],36.79898953437805
83,87,[38.5],38.5,[36.21320307254791],36.21320307254791
84,88,[21.5],21.5,[34.97056245803833],34.97056245803833
85,89,[32.0],32.0,[32.31370830535889],32.31370830535889
86,90,[34.5],34.5,[33.38477599620819],33.38477599620819
87,91,[81.5],81.5,[83.94112491607666],83.94112491607666
88,92,[39.5],39.5,[34.55634891986847],34.55634891986847
89,93,[74.5],74.5,[83.5979790687561],83.5979790687561
90,94,"[38.0, 38.0]",38.0,"[35.55634891986847, 38.79898953437805]",37.17766922712326
91,95,[37.5],37.5,[41.79898953437805],41.79898953437805
92,96,[33.0],33.0,[33.14213538169861],33.14213538169861
93,97,[34.0],34.0,[41.55634891986847],41.55634891986847
94,98,[34.0],34.0,[31.97056245803833],31.97056245803833
95,99,[35.5],35.5,[43.38477599620819],43.38477599620819
96,100,[197.5],197.5,[126.63960921764374],126.63960921764374
97,101,[21.0],21.0,[27.899494767189026],27.899494767189026
98,102,[114.0],114.0,[124.0538227558136],124.0538227558136
99,103,[20.0],20.0,[38.79898953437805],38.79898953437805
100,104,[6.0],6.0,[29.14213538169861],29.14213538169861
101,105,[109.5],109.5,[124.29646337032318],124.29646337032318
102,106,[23.0],23.0,[33.97056245803833],33.97056245803833
103,107,[20.5],20.5,[32.899494767189026],32.899494767189026
104,108,[133.0],133.0,[80.5979790687561],80.5979790687561
105,109,[68.0],68.0,[59.28427076339722],59.28427076339722
106,110,[60.0],60.0,[67.28427076339722],67.28427076339722
107,111,[35.5],35.5,[45.870057225227356],45.870057225227356
108,112,[258.5],258.5,[164.4385987520218],164.4385987520218
109,113,[16.5],16.5,[33.72792184352875],33.72792184352875
110,114,[258.5],258.5,[164.4385987520218],164.4385987520218
111,115,[16.5],16.5,[33.72792184352875],33.72792184352875
112,116,[16.0],16.0,[26.656854152679443],26.656854152679443
113,117,[121.0],121.0,[81.42640614509583],81.42640614509583
114,118,[60.5],60.5,[55.870057225227356],55.870057225227356
115,119,[40.0],40.0,[45.62741661071777],45.62741661071777
116,120,[101.5],101.5,[66.35533845424652],66.35533845424652
117,121,[33.5],33.5,[45.870057225227356],45.870057225227356
118,122,[30.5],30.5,[42.21320307254791],42.21320307254791
119,123,[95.0],95.0,[70.5979790687561],70.5979790687561
120,124,[32.0],32.0,[37.21320307254791],37.21320307254791
121,125,[25.5],25.5,[45.870057225227356],45.870057225227356
122,126,[84.0],84.0,[64.18376553058624],64.18376553058624
123,127,[52.0],52.0,[72.5979790687561],72.5979790687561
124,128,[13.5],13.5,[30.55634891986847],30.55634891986847
125,129,[75.5],75.5,[82.35533845424652],82.35533845424652
126,130,[63.0],63.0,[46.11269783973694],46.11269783973694
127,131,[60.5],60.5,[61.5269113779068],61.5269113779068
128,132,[24.0],24.0,[39.97056245803833],39.97056245803833
129,133,[49.5],49.5,[43.041630148887634],43.041630148887634
130,134,[38.5],38.5,[35.38477599620819],35.38477599620819
131,135,[167.0],167.0,[101.22539567947388],101.22539567947388
132,136,[32.5],32.5,[30.97056245803833],30.97056245803833
133,137,[33.5],33.5,[43.38477599620819],43.38477599620819
134,138,[178.0],178.0,[124.46803629398346],124.46803629398346
135,139,[137.0],137.0,[80.66904675960541],80.66904675960541
136,140,"[63.5, 105.5]",84.5,"[76.76955199241638, 97.25483322143555]",87.01219260692596
137,141,"[101.5, 30.5]",66.0,"[105.66904675960541, 44.62741661071777]",75.14823168516159
138,142,[33.5],33.5,[41.38477599620819],41.38477599620819
139,143,[67.5],67.5,[79.5269113779068],79.5269113779068
140,144,[41.0],41.0,[36.79898953437805],36.79898953437805
141,145,[13.0],13.0,[31.97056245803833],31.97056245803833
142,146,[14.0],14.0,[34.79898953437805],34.79898953437805
143,147,[13.0],13.0,[31.97056245803833],31.97056245803833
144,148,[14.0],14.0,[34.79898953437805],34.79898953437805
145,149,[35.5],35.5,[35.38477599620819],35.38477599620819
146,150,[12.0],12.0,[29.55634891986847],29.55634891986847
147,151,[12.0],12.0,[35.14213538169861],35.14213538169861
148,152,[12.0],12.0,[29.55634891986847],29.55634891986847
149,153,"[12.0, 35.5, 39.0]",28.833333333333332,"[35.14213538169861, 36.21320307254791, 33.97056245803833]",35.108633637428284
150,154,[40.0],40.0,[33.14213538169861],33.14213538169861
151,155,[39.0],39.0,[31.97056245803833],31.97056245803833
152,156,[41.5],41.5,[43.455843687057495],43.455843687057495
153,157,[30.5],30.5,[30.899494767189026],30.899494767189026
154,158,[33.5],33.5,[37.38477599620819],37.38477599620819
155,159,[67.0],67.0,[56.870057225227356],56.870057225227356
156,160,[27.5],27.5,[33.72792184352875],33.72792184352875
157,161,[35.0],35.0,[39.62741661071777],39.62741661071777
158,162,[64.5],64.5,[56.28427076339722],56.28427076339722
159,163,[27.0],27.0,[34.31370830535889],34.31370830535889
160,164,[34.0],34.0,[37.62741661071777],37.62741661071777
161,165,[66.0],66.0,[60.041630148887634],60.041630148887634
162,166,[23.5],23.5,[34.55634891986847],34.55634891986847
163,167,[70.0],70.0,[67.28427076339722],67.28427076339722
164,168,[32.5],32.5,[44.62741661071777],44.62741661071777
165,169,[68.0],68.0,[67.76955199241638],67.76955199241638
166,170,[7.0],7.0,[34.72792184352875],34.72792184352875
167,171,[32.0],32.0,[47.62741661071777],47.62741661071777
168,172,[6.5],6.5,[31.727921843528748],31.727921843528748
169,173,"[11.5, 32.5]",22.0,"[30.55634891986847, 47.041630148887634]",38.79898953437805
170,174,[26.5],26.5,[30.97056245803833],30.97056245803833
171,175,[18.0],18.0,[31.14213538169861],31.14213538169861
172,176,[29.0],29.0,[36.79898953437805],36.79898953437805
173,177,[28.0],28.0,[30.79898953437805],30.79898953437805
174,178,[20.0],20.0,[29.97056245803833],29.97056245803833
175,179,[33.0],33.0,[63.76955199241638],63.76955199241638
176,180,[27.0],27.0,[36.79898953437805],36.79898953437805
177,181,[20.5],20.5,[34.55634891986847],34.55634891986847
178,182,[28.0],28.0,[36.79898953437805],36.79898953437805
179,183,[39.5],39.5,[39.38477599620819],39.38477599620819
180,184,[16.5],16.5,[41.041630148887634],41.041630148887634
181,185,[15.0],15.0,[34.31370830535889],34.31370830535889
182,186,[28.0],28.0,[36.79898953437805],36.79898953437805
183,187,[18.5],18.5,[32.071067690849304],32.071067690849304
184,188,[51.5],51.5,[66.35533845424652],66.35533845424652
185,189,[16.5],16.5,[32.071067690849304],32.071067690849304
186,190,"[53.5, 36.0]",44.75,"[65.11269783973694, 28.727921843528748]",46.92030984163284
187,191,[31.0],31.0,[29.14213538169861],29.14213538169861
188,192,[46.5],46.5,[60.69848430156708],60.69848430156708
189,193,[73.5],73.5,[72.28427076339722],72.28427076339722
190,194,[12.0],12.0,[39.97056245803833],39.97056245803833
191,195,"[17.0, 67.5]",42.25,"[27.899494767189026, 74.69848430156708]",51.29898953437805
192,196,[61.0],61.0,[77.76955199241638],77.76955199241638
193,197,[38.5],38.5,[40.62741661071777],40.62741661071777
194,198,[28.5],28.5,[40.55634891986847],40.55634891986847
195,199,[47.5],47.5,[60.69848430156708],60.69848430156708
196,200,[12.5],12.5,[29.727921843528748],29.727921843528748
197,201,[33.5],33.5,[31.38477599620819],31.38477599620819
198,202,[24.0],24.0,[39.97056245803833],39.97056245803833
199,203,"[19.5, 97.0]",58.25,"[29.313708305358887, 113.42640614509583]",71.37005722522736
200,204,"[65.0, 70.0]",67.5,"[84.94112491607666, 87.76955199241638]",86.35533845424652
201,205,[66.5],66.5,[75.5269113779068],75.5269113779068
202,206,[16.0],16.0,[33.14213538169861],33.14213538169861
203,207,[27.5],27.5,[45.041630148887634],45.041630148887634
204,208,[66.0],66.0,[79.42640614509583],79.42640614509583
205,209,[16.5],16.5,[44.21320307254791],44.21320307254791
206,210,[73.5],73.5,[66.62741661071777],66.62741661071777
207,211,"[47.0, 35.0]",41.0,"[52.870057225227356, 29.97056245803833]",41.42030984163284
208,212,[24.0],24.0,[29.97056245803833],29.97056245803833
209,213,[68.5],68.5,[57.041630148887634],57.041630148887634
210,214,[66.5],66.5,[52.69848430156708],52.69848430156708
211,215,[141.0],141.0,[139.36753106117249],139.36753106117249
212,216,"[35.0, 29.5]",32.25,"[29.97056245803833, 36.21320307254791]",33.09188276529312
213,217,"[32.0, 57.0]",44.5,"[32.31370830535889, 73.76955199241638]",53.041630148887634
214,218,[47.5],47.5,[72.28427076339722],72.28427076339722
215,219,"[30.0, 31.0]",30.5,"[34.38477599620819, 53.62741661071777]",44.00609630346298
216,220,"[31.0, 19.0]",25.0,"[53.62741661071777, 33.14213538169861]",43.38477599620819
217,221,[19.0],19.0,[33.14213538169861],33.14213538169861
218,222,[30.0],30.0,[40.38477599620819],40.38477599620819
219,223,[19.0],19.0,[32.31370830535889],32.31370830535889
220,224,[58.0],58.0,[47.28427076339722],47.28427076339722
221,225,[15.5],15.5,[30.899494767189026],30.899494767189026
222,226,[52.0],52.0,[62.11269783973694],62.11269783973694
223,227,[32.0],32.0,[35.97056245803833],35.97056245803833
224,228,[33.0],33.0,[52.79898953437805],52.79898953437805
225,229,"[19.5, 44.0, 63.5, 60.0, 58.5]",49.1,"[43.72792184352875, 69.28427076339722, 75.79898953437805, 75.62741661071777, 68.69848430156708]",66.62741661071777
226,230,[61.0],61.0,[70.87005722522736],70.87005722522736
227,231,[32.0],32.0,[38.79898953437805],38.79898953437805
228,232,"[41.5, 55.5]",48.5,"[39.38477599620819, 57.870057225227356]",48.62741661071777
229,233,[57.0],57.0,[56.11269783973694],56.11269783973694
230,234,"[40.5, 67.5, 72.0, 76.0, 74.5, 85.5, 89.0, 90.0]",74.375,"[37.38477599620819, 51.041630148887634, 50.455843687057495, 64.5979790687561, 45.870057225227356, 62.35533845424652, 57.28427076339722, 57.28427076339722]",53.28427076339722
231,235,[112.5],112.5,[72.84061968326569],72.84061968326569
232,236,[26.0],26.0,[31.14213538169861],31.14213538169861
233,237,[104.5],104.5,[62.35533845424652],62.35533845424652
234,238,[65.5],65.5,[61.455843687057495],61.455843687057495
235,239,[17.0],17.0,[28.313708305358887],28.313708305358887
236,240,[106.0],106.0,[68.94112491607666],68.94112491607666
237,241,[66.5],66.5,[55.870057225227356],55.870057225227356
238,242,[82.5],82.5,[67.18376553058624],67.18376553058624
239,243,[19.5],19.5,[31.727921843528748],31.727921843528748
240,244,[73.5],73.5,[57.5269113779068],57.5269113779068
241,245,[92.0],92.0,[65.69848430156708],65.69848430156708
242,246,[19.0],19.0,[29.485281229019165],29.485281229019165
243,247,[72.0],72.0,[58.94112491607666],58.94112491607666
244,248,[83.5],83.5,[64.69848430156708],64.69848430156708
245,249,[58.0],58.0,[38.455843687057495],38.455843687057495
246,250,[99.0],99.0,[66.11269783973694],66.11269783973694
247,251,"[59.5, 96.0]",77.75,"[38.62741661071777, 68.94112491607666]",53.78427076339722
248,252,[91.0],91.0,[72.94112491607666],72.94112491607666
249,253,[57.0],57.0,[36.79898953437805],36.79898953437805
250,254,[38.5],38.5,[39.38477599620819],39.38477599620819
251,255,[57.5],57.5,[35.38477599620819],35.38477599620819
252,256,"[21.0, 110.5]",65.75,"[41.14213538169861, 61.11269783973694]",51.12741661071777
253,257,"[94.5, 224.0]",159.25,"[56.28427076339722, 125.22539567947388]",90.75483322143555
254,258,"[216.5, 56.0, 48.5]",107.0,"[126.29646337032318, 57.012192606925964, 58.840619683265686]",80.71642522017162
255,259,[49.5],49.5,[58.35533845424652],58.35533845424652
256,260,[26.0],26.0,[31.97056245803833],31.97056245803833
257,261,"[71.0, 44.0, 63.5, 60.0, 58.5]",59.4,"[50.11269783973694, 69.28427076339722, 75.79898953437805, 75.62741661071777, 68.69848430156708]",67.90437180995941
258,262,[61.0],61.0,[70.87005722522736],70.87005722522736
259,263,"[28.0, 57.0, 67.5, 72.0, 76.0, 74.5, 85.5, 89.0]",68.6875,"[37.21320307254791, 56.11269783973694, 51.041630148887634, 50.455843687057495, 64.5979790687561, 45.870057225227356, 62.35533845424652, 57.28427076339722]",53.11637753248215
260,264,[90.0],90.0,[57.28427076339722],57.28427076339722
261,265,[56.5],56.5,[48.21320307254791],48.21320307254791
262,266,[112.5],112.5,[72.84061968326569],72.84061968326569
263,267,[56.5],56.5,[49.455843687057495],49.455843687057495
264,268,[104.5],104.5,[62.35533845424652],62.35533845424652
265,269,"[228.0, 24.5]",126.25,"[126.88224983215332, 33.72792184352875]",80.30508583784103
266,270,[39.5],39.5,[67.5269113779068],67.5269113779068
267,271,"[30.0, 26.0, 31.5, 61.0]",37.125,"[52.455843687057495, 52.455843687057495, 51.5269113779068, 55.62741661071777]",53.01650384068489
268,272,[55.5],55.5,[57.38477599620819],57.38477599620819
269,273,[12.0],12.0,[27.899494767189026],27.899494767189026
270,274,[35.5],35.5,[29.727921843528748],29.727921843528748
271,275,[18.0],18.0,[37.97056245803833],37.97056245803833
272,276,[23.5],23.5,[30.55634891986847],30.55634891986847
273,277,[58.5],58.5,[55.870057225227356],55.870057225227356
274,278,"[25.5, 59.0, 66.5, 46.5, 54.5]",50.4,"[32.55634891986847, 57.28427076339722, 78.84061968326569, 67.87005722522736, 61.455843687057495]",59.60142805576324
275,279,"[28.0, 36.0]",32.0,"[38.79898953437805, 52.79898953437805]",45.79898953437805
276,280,[34.5],34.5,[55.5269113779068],55.5269113779068
277,281,[34.0],34.0,[33.97056245803833],33.97056245803833
278,282,"[24.5, 34.5, 29.5, 30.0, 31.0, 26.0, 29.0, 31.0, 28.0]",29.27777777777778,"[41.38477599620819, 43.041630148887634, 39.041630148887634, 29.97056245803833, 29.14213538169861, 28.313708305358887, 38.79898953437805, 35.97056245803833, 33.21320307254791]",35.43079972267151
279,285,[13.0],13.0,[28.727921843528748],28.727921843528748
280,286,[30.0],30.0,[49.62741661071777],49.62741661071777
281,287,"[20.5, 29.0]",24.75,"[31.38477599620819, 44.870057225227356]",38.12741661071777
282,288,[28.0],28.0,[36.455843687057495],36.455843687057495
283,289,"[21.5, 37.0]",29.25,"[48.69848430156708, 43.97056245803833]",46.334523379802704
284,290,"[23.5, 87.0]",55.25,"[44.21320307254791, 68.87005722522736]",56.541630148887634
285,291,[75.5],75.5,[72.76955199241638],72.76955199241638
286,292,[19.0],19.0,[41.21320307254791],41.21320307254791
287,293,"[51.0, 23.0]",37.0,"[54.455843687057495, 37.14213538169861]",45.79898953437805
288,294,[23.5],23.5,[31.727921843528748],31.727921843528748
289,295,"[38.5, 27.0, 27.0, 20.0]",28.125,"[54.69848430156708, 29.97056245803833, 36.79898953437805, 33.62741661071777]",38.77386322617531
290,296,[16.5],16.5,[34.21320307254791],34.21320307254791
291,297,[20.0],20.0,[35.62741661071777],35.62741661071777
292,298,[16.5],16.5,[36.55634891986847],36.55634891986847
293,299,[18.5],18.5,[33.38477599620819],33.38477599620819
294,300,[27.5],27.5,[31.727921843528748],31.727921843528748
295,301,"[64.5, 27.5]",46.0,"[68.76955199241638, 34.55634891986847]",51.662950456142426
296,302,"[35.5, 36.0, 34.5]",35.333333333333336,"[50.21320307254791, 39.14213538169861, 39.38477599620819]",42.9133714834849
297,303,"[40.0, 53.5]",46.75,"[32.31370830535889, 42.55634891986847]",37.43502861261368
298,304,"[53.0, 44.5]",48.75,"[43.97056245803833, 61.5269113779068]",52.748736917972565
299,305,"[46.0, 50.0, 38.0]",44.666666666666664,"[59.28427076339722, 45.21320307254791, 41.21320307254791]",48.570225636164345
300,306,[27.0],27.0,[37.97056245803833],37.97056245803833
301,307,[29.0],29.0,[44.870057225227356],44.870057225227356
302,308,[33.5],33.5,[35.041630148887634],35.041630148887634
303,309,[57.5],57.5,[71.94112491607666],71.94112491607666
304,310,"[50.0, 24.5, 23.5, 27.0]",31.25,"[59.28427076339722, 33.38477599620819, 31.727921843528748, 29.97056245803833]",38.59188276529312
305,311,"[27.0, 71.5]",49.25,"[36.79898953437805, 83.18376553058624]",59.99137753248215
306,312,[53.5],53.5,[86.01219260692596],86.01219260692596
307,313,"[23.0, 61.0]",42.0,"[33.97056245803833, 113.08326029777527]",73.5269113779068
308,314,"[45.0, 25.0, 15.0, 26.5, 29.0, 21.5]",27.0,"[72.4558436870575, 46.79898953437805, 31.899494767189026, 43.38477599620819, 41.14213538169861, 30.899494767189026]",44.430122355620064
309,315,"[27.5, 34.0]",30.75,"[50.69848430156708, 41.62741661071777]",46.162950456142426
310,316,[33.5],33.5,[49.5269113779068],49.5269113779068
311,317,"[29.5, 31.5, 29.5]",30.166666666666668,"[51.455843687057495, 40.97056245803833, 42.55634891986847]",44.994251688321434
312,318,"[32.5, 22.0]",27.25,"[40.55634891986847, 33.97056245803833]",37.2634556889534
313,319,"[27.0, 19.0]",23.0,"[37.97056245803833, 32.72792184352875]",35.34924215078354
314,323,[57.5],57.5,[45.870057225227356],45.870057225227356
315,324,[191.0],191.0,[111.08326029777527],111.08326029777527
316,325,[418.5],418.5,[212.5807341337204],212.5807341337204
317,326,[47.5],47.5,[44.62741661071777],44.62741661071777
318,327,[56.5],56.5,[55.870057225227356],55.870057225227356
319,328,[211.5],211.5,[133.46803629398346],133.46803629398346
320,329,[37.0],37.0,[46.38477599620819],46.38477599620819
321,330,[147.5],147.5,[118.15432798862457],118.15432798862457
322,331,[207.5],207.5,[133.88224983215332],133.88224983215332
323,332,[57.0],57.0,[54.455843687057495],54.455843687057495
324,333,[204.0],204.0,[131.29646337032318],131.29646337032318
325,334,[128.5],128.5,[89.04163014888763],89.04163014888763
326,335,[41.5],41.5,[45.38477599620819],45.38477599620819
327,336,[211.0],211.0,[132.1248904466629],132.1248904466629
328,337,[132.0],132.0,[103.15432798862457],103.15432798862457
329,338,[147.5],147.5,[109.25483322143555],109.25483322143555
330,339,"[190.5, 136.0]",163.25,"[115.32590091228485, 79.76955199241638]",97.54772645235062
331,340,[133.5],133.5,[103.66904675960541],103.66904675960541
332,341,[84.0],84.0,[43.97056245803833],43.97056245803833
333,342,[180.0],180.0,[106.25483322143555],106.25483322143555
334,343,[130.5],130.5,[105.32590091228485],105.32590091228485
335,344,"[220.0, 129.5]",174.75,"[182.61017167568207, 119.39696860313416]",151.0035701394081
336,345,"[129.5, 220.0]",174.75,"[119.39696860313416, 182.61017167568207]",151.0035701394081
337,346,"[185.5, 140.0]",162.75,"[146.63960921764374, 107.56854152679443]",127.10407537221909
338,347,[140.0],140.0,[107.56854152679443],107.56854152679443
339,348,"[185.5, 443.0]",314.25,"[146.63960921764374, 236.69343197345734]",191.66652059555054
340,349,[32.0],32.0,[49.28427076339722],49.28427076339722
341,350,[22.0],22.0,[38.455843687057495],38.455843687057495
342,351,"[22.0, 36.5]",29.25,"[35.97056245803833, 43.041630148887634]",39.50609630346298
343,352,"[36.5, 57.5, 59.0, 57.5]",52.625,"[66.28427076339722, 43.38477599620819, 42.38477599620819, 44.21320307254791]",49.06675645709038
344,353,[55.0],55.0,[37.97056245803833],37.97056245803833
345,354,"[28.5, 56.0]",42.25,"[39.79898953437805, 37.97056245803833]",38.88477599620819
346,355,[63.0],63.0,[56.455843687057495],56.455843687057495
347,356,[29.0],29.0,[54.455843687057495],54.455843687057495
348,357,[58.5],58.5,[55.455843687057495],55.455843687057495
349,358,[27.0],27.0,[54.870057225227356],54.870057225227356
350,359,[50.5],50.5,[53.041630148887634],53.041630148887634
351,360,[27.0],27.0,[50.455843687057495],50.455843687057495
352,361,"[46.5, 42.5, 41.0]",43.333333333333336,"[51.041630148887634, 70.76955199241638, 72.18376553058624]",64.66498255729675
353,362,[50.5],50.5,[66.69848430156708],66.69848430156708
354,363,"[52.0, 34.5]",43.25,"[64.94112491607666, 32.55634891986847]",48.748736917972565
355,364,"[31.0, 23.5]",27.25,"[33.14213538169861, 32.55634891986847]",32.84924215078354
356,365,"[20.5, 18.0, 17.5]",18.666666666666668,"[34.55634891986847, 36.38477599620819, 34.21320307254791]",35.051442662874855
357,368,"[28.5, 45.0, 46.0, 44.0, 40.0]",40.7,"[51.041630148887634, 35.97056245803833, 35.14213538169861, 28.313708305358887, 29.071067690849304]",35.907820796966554
358,369,"[37.0, 20.0, 15.0]",24.0,"[31.97056245803833, 33.62741661071777, 31.627416610717773]",32.408465226491295
359,370,"[27.0, 29.0]",28.0,"[46.79898953437805, 47.62741661071777]",47.21320307254791
360,371,"[18.5, 20.5]",19.5,"[31.38477599620819, 42.14213538169861]",36.7634556889534
361,372,"[17.5, 44.0, 38.5]",33.333333333333336,"[40.55634891986847, 43.62741661071777, 45.38477599620819]",43.18951384226481
362,374,[11.5],11.5,[40.55634891986847],40.55634891986847
363,375,[16.5],16.5,[35.38477599620819],35.38477599620819
364,376,"[12.5, 14.0]",13.25,"[30.55634891986847, 36.79898953437805]",33.67766922712326
365,377,"[13.5, 17.5]",15.5,"[37.38477599620819, 39.041630148887634]",38.21320307254791
366,378,"[63.0, 64.0, 64.5, 64.5]",64.0,"[37.55634891986847, 41.55634891986847, 45.38477599620819, 42.55634891986847]",41.7634556889534
367,379,[55.0],55.0,[44.38477599620819],44.38477599620819
368,380,[66.5],66.5,[41.38477599620819],41.38477599620819
369,381,[41.0],41.0,[39.14213538169861],39.14213538169861
370,382,[73.5],73.5,[54.69848430156708],54.69848430156708
371,383,[39.5],39.5,[34.14213538169861],34.14213538169861
372,384,[76.0],76.0,[50.455843687057495],50.455843687057495
373,385,[40.5],40.5,[52.69848430156708],52.69848430156708
374,386,[77.5],77.5,[50.69848430156708],50.69848430156708
375,387,"[59.5, 75.5, 82.5, 88.5, 109.5, 102.0, 90.0, 96.0, 102.5, 101.0]",90.7,"[58.69848430156708, 53.041630148887634, 60.35533845424652, 68.35533845424652, 79.32590091228485, 69.42640614509583, 63.35533845424652, 80.66904675960541, 68.76955199241638, 66.18376553058624]",66.8180801153183
376,388,"[84.0, 38.5, 20.5, 42.0, 39.0]",44.8,"[82.32590091228485, 48.21320307254791, 29.727921843528748, 50.455843687057495, 49.28427076339722]",52.00142805576324
377,389,[24.5],24.5,[35.041630148887634],35.041630148887634
378,390,[48.5],48.5,[71.18376553058624],71.18376553058624
379,391,[29.0],29.0,[28.313708305358887],28.313708305358887
380,392,[21.0],21.0,[29.14213538169861],29.14213538169861
381,393,"[25.5, 47.0]",36.25,"[59.11269783973694, 62.94112491607666]",61.0269113779068
382,394,[38.5],38.5,[42.21320307254791],42.21320307254791
383,395,[39.5],39.5,[28.899494767189026],28.899494767189026
384,396,"[31.0, 42.5, 28.0, 23.5]",31.25,"[36.79898953437805, 51.041630148887634, 34.79898953437805, 31.727921843528748]",38.59188276529312
385,397,"[26.0, 31.5]",28.75,"[31.14213538169861, 41.041630148887634]",36.09188276529312
386,398,"[36.0, 27.0]",31.5,"[43.62741661071777, 27.899494767189026]",35.7634556889534
387,399,[108.5],108.5,[96.42640614509583],96.42640614509583
388,400,"[94.5, 32.0]",63.25,"[52.69848430156708, 54.11269783973694]",53.40559107065201
389,401,[32.0],32.0,[54.11269783973694],54.11269783973694
390,402,[71.0],71.0,[77.35533845424652],77.35533845424652
391,403,[22.0],22.0,[48.870057225227356],48.870057225227356
392,404,[34.5],34.5,[47.041630148887634],47.041630148887634
393,405,"[22.0, 61.0]",41.5,"[48.870057225227356, 68.11269783973694]",58.49137753248215
394,406,"[55.0, 46.5]",50.75,"[69.35533845424652, 38.62741661071777]",53.99137753248215
395,407,[35.5],35.5,[38.55634891986847],38.55634891986847
396,408,[19.0],19.0,[29.97056245803833],29.97056245803833
397,409,[25.5],25.5,[34.55634891986847],34.55634891986847
398,410,"[33.0, 106.5]",69.75,"[48.11269783973694, 95.66904675960541]",71.89087229967117
399,411,"[278.0, 275.5, 250.5, 247.5, 185.0]",247.3,"[147.02438521385193, 142.78174459934235, 141.95331752300262, 138.63960921764374, 109.56854152679443]",135.993519616127
400,412,"[188.5, 35.5]",112.0,"[111.81118214130402, 34.899494767189026]",73.35533845424652
401,413,"[28.0, 26.5]",27.25,"[35.97056245803833, 47.38477599620819]",41.67766922712326
402,414,"[53.0, 53.0, 41.5, 24.5]",43.0,"[55.62741661071777, 52.455843687057495, 59.11269783973694, 31.727921843528748]",49.73096999526024
403,415,[17.0],17.0,[29.485281229019165],29.485281229019165
404,416,"[26.0, 40.5, 39.5]",35.333333333333336,"[29.97056245803833, 49.870057225227356, 50.28427076339722]",43.37496348222097
405,417,"[38.5, 50.5]",44.5,"[43.041630148887634, 86.15432798862457]",64.5979790687561
406,418,[35.5],35.5,[35.38477599620819],35.38477599620819
407,419,"[24.5, 28.5]",26.5,"[32.97056245803833, 32.21320307254791]",32.59188276529312
408,420,"[22.5, 22.5, 37.0, 44.5]",31.625,"[29.313708305358887, 28.899494767189026, 48.455843687057495, 47.870057225227356]",38.63477599620819
409,421,[53.5],53.5,[60.28427076339722],60.28427076339722
410,422,[28.0],28.0,[38.79898953437805],38.79898953437805
411,423,[47.5],47.5,[49.79898953437805],49.79898953437805
412,424,"[22.0, 47.0]",34.5,"[38.79898953437805, 42.79898953437805]",40.79898953437805
413,425,[47.0],47.0,[41.97056245803833],41.97056245803833
414,426,"[46.5, 19.0]",32.75,"[69.5269113779068, 34.79898953437805]",52.162950456142426
415,428,"[24.0, 36.0]",30.0,"[28.313708305358887, 39.97056245803833]",34.14213538169861
416,429,"[36.5, 17.0, 32.0]",28.5,"[38.21320307254791, 29.97056245803833, 28.313708305358887]",32.16582461198171
417,430,[27.5],27.5,[31.38477599620819],31.38477599620819
418,431,"[43.5, 9.0]",26.25,"[56.69848430156708, 40.38477599620819]",48.541630148887634
419,432,"[87.0, 33.5]",60.25,"[81.08326029777527, 40.62741661071777]",60.85533845424652
420,434,"[108.5, 48.5, 58.0, 59.0, 65.5]",67.9,"[95.39696860313416, 45.870057225227356, 53.69848430156708, 56.455843687057495, 74.35533845424652]",65.15533845424652
421,435,[48.0],48.0,[45.21320307254791],45.21320307254791
422,436,[20.0],20.0,[29.14213538169861],29.14213538169861
423,437,[21.0],21.0,[37.14213538169861],37.14213538169861
424,438,[13.0],13.0,[32.31370830535889],32.31370830535889
425,439,[37.0],37.0,[44.79898953437805],44.79898953437805
426,440,[18.5],18.5,[29.313708305358887],29.313708305358887
427,441,[30.5],30.5,[49.870057225227356],49.870057225227356
428,442,[21.5],21.5,[32.97056245803833],32.97056245803833
429,443,[104.0],104.0,[122.39696860313416],122.39696860313416
430,444,[17.5],17.5,[31.727921843528748],31.727921843528748
431,445,"[81.0, 49.5]",65.25,"[84.5979790687561, 72.69848430156708]",78.64823168516159
432,446,[45.0],45.0,[74.94112491607666],74.94112491607666
433,447,[61.5],61.5,[77.94112491607666],77.94112491607666
434,448,"[24.0, 24.5]",24.25,"[34.72792184352875, 37.79898953437805]",36.2634556889534
435,449,"[19.5, 49.5]",34.5,"[34.97056245803833, 72.69848430156708]",53.834523379802704
436,450,[45.0],45.0,[74.94112491607666],74.94112491607666
437,451,[44.5],44.5,[51.5269113779068],51.5269113779068
438,452,[61.5],61.5,[77.94112491607666],77.94112491607666
439,453,[48.5],48.5,[49.870057225227356],49.870057225227356
440,454,"[24.0, 49.0]",36.5,"[34.72792184352875, 47.62741661071777]",41.17766922712326
441,455,[65.5],65.5,[66.35533845424652],66.35533845424652
442,456,[36.0],36.0,[46.38477599620819],46.38477599620819
443,457,"[22.5, 101.5, 53.0, 46.5, 33.5]",51.4,"[30.55634891986847, 132.9827550649643, 64.94112491607666, 60.69848430156708, 38.21320307254791]",65.47838325500489
444,458,[25.5],25.5,[37.79898953437805],37.79898953437805
445,459,[24.0],24.0,[45.28427076339722],45.28427076339722
446,460,[24.5],24.5,[32.55634891986847],32.55634891986847
447,461,[24.0],24.0,[45.28427076339722],45.28427076339722
448,462,[24.5],24.5,[32.55634891986847],32.55634891986847
449,463,[48.5],48.5,[44.69848430156708],44.69848430156708
450,464,"[22.0, 30.5]",26.25,"[33.97056245803833, 44.62741661071777]",39.29898953437805
451,465,"[36.0, 22.5, 30.0]",29.5,"[29.14213538169861, 34.21320307254791, 32.79898953437805]",32.051442662874855
452,466,"[29.5, 21.0, 29.0, 26.0, 28.0]",26.7,"[33.041630148887634, 38.455843687057495, 36.041630148887634, 35.21320307254791, 33.21320307254791]",35.193102025985716
453,467,[24.5],24.5,[32.62741661071777],32.62741661071777
454,468,"[33.0, 34.0, 30.5, 33.0]",32.625,"[57.62741661071777, 36.79898953437805, 35.79898953437805, 50.041630148887634]",45.06675645709038
455,469,"[28.5, 22.0]",25.25,"[40.97056245803833, 31.14213538169861]",36.05634891986847
456,471,[14.0],14.0,[29.97056245803833],29.97056245803833
457,472,[36.0],36.0,[59.76955199241638],59.76955199241638
458,473,[11.5],11.5,[30.071067690849304],30.071067690849304
459,474,[36.0],36.0,[58.11269783973694],58.11269783973694
460,475,"[12.5, 41.5, 38.5, 28.0, 27.0, 30.5]",29.666666666666668,"[29.727921843528748, 65.5979790687561, 60.35533845424652, 53.62741661071777, 37.14213538169861, 34.14213538169861]",46.76548779010773
461,476,[27.5],27.5,[31.38477599620819],31.38477599620819
462,477,[41.0],41.0,[44.79898953437805],44.79898953437805
463,478,[28.5],28.5,[31.79898953437805],31.79898953437805
464,479,[54.0],54.0,[59.28427076339722],59.28427076339722
465,480,"[37.0, 44.0, 50.5]",43.833333333333336,"[45.62741661071777, 62.870057225227356, 53.041630148887634]",53.84636799494425
466,481,"[26.0, 46.0, 35.0]",35.666666666666664,"[33.14213538169861, 39.62741661071777, 39.97056245803833]",37.58003815015157
467,483,[59.0],59.0,[49.62741661071777],49.62741661071777
468,484,"[42.5, 32.5, 36.0, 48.0, 35.0]",38.8,"[51.455843687057495, 46.62741661071777, 46.38477599620819, 41.62741661071777, 34.79898953437805]",44.178888487815854
469,485,[25.0],25.0,[38.79898953437805],38.79898953437805
470,486,[25.0],25.0,[27.071067690849304],27.071067690849304
471,487,[46.0],46.0,[35.97056245803833],35.97056245803833
472,488,[48.0],48.0,[60.455843687057495],60.455843687057495
473,489,[25.5],25.5,[43.38477599620819],43.38477599620819
474,490,[55.0],55.0,[60.455843687057495],60.455843687057495
475,491,[19.0],19.0,[35.97056245803833],35.97056245803833
476,492,"[45.5, 27.5]",36.5,"[58.35533845424652, 48.97056245803833]",53.662950456142426
477,493,[23.5],23.5,[34.55634891986847],34.55634891986847
478,494,[60.5],60.5,[73.94112491607666],73.94112491607666
479,495,[14.0],14.0,[28.313708305358887],28.313708305358887
480,496,[80.0],80.0,[60.041630148887634],60.041630148887634
481,497,[14.0],14.0,[28.313708305358887],28.313708305358887
482,498,[40.0],40.0,[59.69848430156708],59.69848430156708
483,499,[9.0],9.0,[32.79898953437805],32.79898953437805
484,500,[15.0],15.0,[32.38477599620819],32.38477599620819
485,501,"[15.5, 8.5]",12.0,"[38.55634891986847, 32.14213538169861]",35.34924215078354
486,502,"[46.5, 14.5, 16.5]",25.833333333333332,"[69.5269113779068, 32.97056245803833, 28.899494767189026]",43.79898953437805
487,503,"[35.5, 15.0, 17.5]",22.666666666666668,"[32.97056245803833, 35.97056245803833, 32.55634891986847]",33.83249127864838
488,504,"[30.5, 29.0]",29.75,"[29.313708305358887, 31.55634891986847]",30.435028612613678
489,505,"[27.0, 17.5, 31.5]",25.333333333333332,"[32.79898953437805, 38.55634891986847, 49.870057225227356]",40.408465226491295
490,506,"[28.5, 56.5]",42.5,"[36.21320307254791, 69.5269113779068]",52.870057225227356
491,507,"[50.0, 16.5, 20.0, 22.0, 34.5, 29.0]",28.666666666666668,"[55.21320307254791, 44.21320307254791, 46.455843687057495, 43.62741661071777, 34.55634891986847, 35.97056245803833]",43.33942963679632
492,508,"[36.0, 17.0]",26.5,"[46.870057225227356, 35.14213538169861]",41.00609630346298
493,509,[16.5],16.5,[35.72792184352875],35.72792184352875
494,510,"[17.0, 32.5, 21.5]",23.666666666666668,"[44.041630148887634, 42.21320307254791, 35.38477599620819]",40.54653640588125
495,511,[14.0],14.0,[31.14213538169861],31.14213538169861
496,512,"[21.5, 62.5, 59.0, 41.0]",46.0,"[45.870057225227356, 42.97056245803833, 42.79898953437805, 45.97056245803833]",44.40254291892052
497,513,"[35.5, 19.0]",27.25,"[38.55634891986847, 34.31370830535889]",36.43502861261368
498,514,"[47.0, 41.5, 36.5, 30.0]",38.75,"[51.28427076339722, 41.870057225227356, 43.041630148887634, 36.79898953437805]",43.248736917972565
499,517,[51.0],51.0,[49.28427076339722],49.28427076339722
500,518,[20.5],20.5,[31.38477599620819],31.38477599620819
501,519,"[9.0, 33.5, 22.5, 22.5, 19.5]",21.4,"[31.97056245803833, 41.870057225227356, 38.21320307254791, 39.72792184352875, 35.72792184352875]",37.50193328857422
502,520,[25.0],25.0,[38.79898953437805],38.79898953437805
503,521,"[56.0, 13.0, 24.0]",31.0,"[51.62741661071777, 38.79898953437805, 42.38477599620819]",44.27039404710134
504,522,[6.5],6.5,[29.727921843528748],29.727921843528748
505,525,"[54.0, 145.5]",99.75,"[37.97056245803833, 158.78174459934235]",98.37615352869034
506,526,[145.5],145.5,[158.78174459934235],158.78174459934235
507,527,"[71.5, 176.0, 180.5]",142.66666666666666,"[68.28427076339722, 153.36753106117249, 144.71067690849304]",122.12082624435425
508,530,"[12.0, 33.5]",22.75,"[35.97056245803833, 30.14213538169861]",33.05634891986847
509,531,"[31.0, 30.5]",30.75,"[30.727921843528748, 39.79898953437805]",35.2634556889534
510,532,"[39.5, 69.0, 73.5, 15.0]",49.25,"[39.38477599620819, 60.5269113779068, 59.5269113779068, 41.97056245803833]",50.35229030251503
511,533,[38.0],38.0,[45.21320307254791],45.21320307254791
512,534,"[16.5, 44.5]",30.5,"[30.55634891986847, 51.455843687057495]",41.00609630346298
513,535,[92.5],92.5,[62.69848430156708],62.69848430156708
514,536,[28.0],28.0,[39.21320307254791],39.21320307254791
515,537,[84.5],84.5,[60.69848430156708],60.69848430156708
516,538,"[65.5, 36.5]",51.0,"[114.56854152679443, 55.870057225227356]",85.2192993760109
517,539,[29.0],29.0,[53.28427076339722],53.28427076339722
518,540,[37.5],37.5,[50.69848430156708],50.69848430156708
519,541,[55.0],55.0,[56.11269783973694],56.11269783973694
520,542,"[40.0, 46.5]",43.25,"[31.97056245803833, 55.870057225227356]",43.92030984163284
521,543,"[36.5, 32.0]",34.25,"[59.5269113779068, 38.79898953437805]",49.162950456142426
522,544,"[15.0, 26.5]",20.75,"[39.62741661071777, 37.38477599620819]",38.50609630346298
523,545,[58.0],58.0,[64.18376553058624],64.18376553058624
524,546,[13.0],13.0,[27.485281229019165],27.485281229019165
525,547,[53.0],53.0,[57.35533845424652],57.35533845424652
526,548,[21.0],21.0,[33.14213538169861],33.14213538169861
527,549,[21.0],21.0,[31.97056245803833],31.97056245803833
528,550,[19.5],19.5,[46.97056245803833],46.97056245803833
529,551,[38.0],38.0,[38.79898953437805],38.79898953437805
530,552,[14.5],14.5,[36.97056245803833],36.97056245803833
531,553,[23.0],23.0,[37.14213538169861],37.14213538169861
532,554,[37.5],37.5,[39.38477599620819],39.38477599620819
533,555,[26.5],26.5,[33.72792184352875],33.72792184352875
534,556,[72.0],72.0,[102.32590091228485],102.32590091228485
535,557,[43.0],43.0,[59.21320307254791],59.21320307254791
536,558,[31.5],31.5,[45.870057225227356],45.870057225227356
537,559,[23.0],23.0,[27.485281229019165],27.485281229019165
538,560,"[34.0, 82.5, 91.5, 82.5, 91.5]",76.4,"[54.870057225227356, 87.18376553058624, 128.15432798862457, 87.18376553058624, 128.15432798862457]",97.10924885272979
539,561,[49.0],49.0,[52.455843687057495],52.455843687057495
540,562,[43.0],43.0,[48.455843687057495],48.455843687057495
541,563,"[14.5, 29.5]",22.0,"[30.55634891986847, 32.14213538169861]",31.34924215078354
542,564,"[38.0, 33.5]",35.75,"[50.11269783973694, 33.041630148887634]",41.577163994312286
543,566,[26.0],26.0,[31.97056245803833],31.97056245803833
544,567,"[23.0, 29.0]",26.0,"[28.313708305358887, 40.041630148887634]",34.17766922712326
545,568,"[21.5, 30.0]",25.75,"[31.727921843528748, 41.62741661071777]",36.67766922712326
546,569,"[25.5, 43.5]",34.5,"[39.870057225227356, 77.11269783973694]",58.49137753248215
547,570,[39.5],39.5,[71.11269783973694],71.11269783973694
548,571,[10.5],10.5,[49.38477599620819],49.38477599620819
549,572,[33.0],33.0,[29.485281229019165],29.485281229019165
550,573,[17.0],17.0,[41.62741661071777],41.62741661071777
551,574,[17.5],17.5,[52.21320307254791],52.21320307254791
552,575,[359.0],359.0,[229.30865597724915],229.30865597724915
553,576,"[30.5, 49.0]",39.75,"[33.79898953437805, 43.55634891986847]",38.67766922712326
554,577,[44.0],44.0,[47.14213538169861],47.14213538169861
555,578,[261.5],261.5,[127.81118214130402],127.81118214130402
556,579,[37.5],37.5,[44.55634891986847],44.55634891986847
557,580,[25.0],25.0,[43.14213538169861],43.14213538169861
558,581,[256.5],256.5,[126.15432798862457],126.15432798862457
559,582,[24.5],24.5,[36.14213538169861],36.14213538169861
560,583,[24.5],24.5,[36.899494767189026],36.899494767189026
561,584,"[22.5, 20.0]",21.25,"[31.727921843528748, 33.14213538169861]",32.43502861261368
562,585,"[17.0, 17.0]",17.0,"[32.31370830535889, 31.97056245803833]",32.14213538169861
563,586,[11.5],11.5,[30.14213538169861],30.14213538169861
564,587,[19.0],19.0,[32.79898953437805],32.79898953437805
565,588,[53.0],53.0,[80.11269783973694],80.11269783973694
566,589,"[19.5, 17.5]",18.5,"[33.38477599620819, 52.21320307254791]",42.79898953437805
567,590,[17.0],17.0,[28.313708305358887],28.313708305358887
568,591,[20.0],20.0,[31.14213538169861],31.14213538169861
569,592,"[24.0, 32.5]",28.25,"[33.97056245803833, 52.21320307254791]",43.09188276529312
570,593,[40.0],40.0,[54.455843687057495],54.455843687057495
571,594,[37.0],37.0,[56.455843687057495],56.455843687057495
572,595,"[59.5, 26.5, 21.0, 48.0]",38.75,"[45.38477599620819, 39.38477599620819, 39.14213538169861, 56.94112491607666]",45.21320307254791
573,596,"[29.5, 22.0, 16.0]",22.5,"[42.21320307254791, 52.041630148887634, 33.899494767189026]",42.71810932954153
574,597,[17.5],17.5,[32.21320307254791],32.21320307254791
575,598,"[29.0, 56.5, 50.5]",45.333333333333336,"[38.38477599620819, 33.38477599620819, 32.55634891986847]",34.77530030409495
576,599,[17.0],17.0,[48.94112491607666],48.94112491607666
577,600,"[22.0, 24.5, 25.0, 16.5]",22.0,"[36.79898953437805, 36.14213538169861, 37.55634891986847, 33.38477599620819]",35.97056245803833
578,601,"[51.5, 45.0, 86.0]",60.833333333333336,"[41.38477599620819, 32.31370830535889, 74.11269783973694]",49.27039404710134
579,603,"[37.5, 49.5, 48.0]",45.0,"[40.55634891986847, 34.97056245803833, 41.21320307254791]",38.9133714834849
580,604,"[39.0, 23.0]",31.0,"[31.55634891986847, 35.14213538169861]",33.34924215078354
581,606,"[24.0, 18.5]",21.25,"[33.97056245803833, 29.727921843528748]",31.84924215078354
582,607,[31.0],31.0,[38.041630148887634],38.041630148887634
583,608,"[23.5, 35.5]",29.5,"[35.38477599620819, 36.97056245803833]",36.17766922712326
584,609,"[26.5, 52.0, 40.5, 42.5]",40.375,"[40.21320307254791, 36.38477599620819, 37.38477599620819, 34.97056245803833]",37.238329380750656
585,610,[38.5],38.5,[29.727921843528748],29.727921843528748
586,611,[22.5],22.5,[32.14213538169861],32.14213538169861
587,612,"[30.0, 18.5]",24.25,"[29.14213538169861, 30.97056245803833]",30.05634891986847
588,614,[40.5],40.5,[57.11269783973694],57.11269783973694
589,615,[12.5],12.5,[29.727921843528748],29.727921843528748
590,616,"[20.0, 41.5]",30.75,"[31.97056245803833, 45.041630148887634]",38.50609630346298
591,617,"[15.0, 18.0, 21.0]",18.0,"[28.313708305358887, 31.14213538169861, 35.14213538169861]",31.53265968958537
592,618,[18.0],18.0,[35.97056245803833],35.97056245803833
593,619,[45.0],45.0,[35.97056245803833],35.97056245803833
594,620,[27.5],27.5,[32.55634891986847],32.55634891986847
595,621,[24.0],24.0,[30.727921843528748],30.727921843528748
596,622,[45.0],45.0,[37.97056245803833],37.97056245803833
597,623,[23.5],23.5,[32.55634891986847],32.55634891986847
598,624,"[18.5, 26.0]",22.25,"[33.79898953437805, 34.79898953437805]",34.29898953437805
599,625,[21.5],21.5,[33.38477599620819],33.38477599620819
600,626,[124.0],124.0,[137.71067690849304],137.71067690849304
601,627,"[19.0, 26.5]",22.75,"[33.97056245803833, 35.38477599620819]",34.67766922712326
602,628,[24.5],24.5,[29.727921843528748],29.727921843528748
603,629,[124.0],124.0,[137.71067690849304],137.71067690849304
604,630,"[19.0, 27.0, 31.5]",25.833333333333332,"[34.79898953437805, 43.62741661071777, 47.455843687057495]",41.96074994405111
605,631,[38.5],38.5,[68.69848430156708],68.69848430156708
606,632,[13.5],13.5,[30.071067690849304],30.071067690849304
607,633,[217.5],217.5,[230.0365778207779],230.0365778207779
608,634,[20.0],20.0,[32.79898953437805],32.79898953437805
609,635,[235.5],235.5,[248.86500489711761],248.86500489711761
610,636,[68.0],68.0,[75.69848430156708],75.69848430156708
611,637,[204.5],204.5,[167.2670258283615],167.2670258283615
612,638,[46.0],46.0,[38.38477599620819],38.38477599620819
613,639,[133.5],133.5,[93.32590091228485],93.32590091228485
614,640,[56.0],56.0,[43.97056245803833],43.97056245803833
615,641,[105.5],105.5,[98.63960921764374],98.63960921764374
616,642,[55.5],55.5,[43.38477599620819],43.38477599620819
617,643,[102.5],102.5,[65.5269113779068],65.5269113779068
618,644,[59.5],59.5,[57.5269113779068],57.5269113779068
619,645,[141.5],141.5,[92.15432798862457],92.15432798862457
620,646,"[47.0, 139.0, 128.0, 111.5]",106.375,"[51.62741661071777, 92.74011445045471, 75.42640614509583, 65.87005722522736]",71.41599860787392
621,648,"[28.0, 20.0]",24.0,"[33.97056245803833, 32.79898953437805]",33.38477599620819
622,649,[22.5],22.5,[38.21320307254791],38.21320307254791
623,650,"[6.5, 14.5, 16.5]",12.5,"[33.72792184352875, 30.899494767189026, 32.14213538169861]",32.25651733080546
624,652,"[12.5, 11.0]",11.75,"[31.38477599620819, 29.55634891986847]",30.47056245803833
625,653,"[18.5, 69.0, 16.0]",34.5,"[33.38477599620819, 84.5979790687561, 31.55634891986847]",49.84636799494425
626,657,[32.0],32.0,[38.79898953437805],38.79898953437805
627,658,[26.0],26.0,[45.28427076339722],45.28427076339722
628,659,[52.5],52.5,[62.35533845424652],62.35533845424652
629,660,[17.5],17.5,[29.727921843528748],29.727921843528748
630,661,[45.5],45.5,[47.041630148887634],47.041630148887634
631,662,"[53.0, 76.5, 82.5]",70.66666666666667,"[71.35533845424652, 73.18376553058624, 73.66904675960541]",72.73605024814606
632,664,"[21.0, 37.5, 21.5, 45.5]",31.375,"[30.79898953437805, 62.35533845424652, 35.38477599620819, 67.5979790687561]",49.03427076339722
633,665,"[138.5, 120.0, 174.5, 182.0]",153.75,"[93.32590091228485, 85.01219260692596, 108.01219260692596, 107.08326029777527]",98.35838660597801
634,666,"[22.0, 19.0, 35.5]",25.5,"[36.65685415267944, 35.899494767189026, 52.55634891986847]",41.704232613245644
635,667,"[13.0, 11.5]",12.25,"[31.485281229019165, 40.14213538169861]",35.81370830535889
636,668,"[53.5, 16.5, 36.0]",35.333333333333336,"[55.5269113779068, 33.38477599620819, 37.14213538169861]",42.01794091860453
637,670,[31.0],31.0,[45.62741661071777],45.62741661071777
638,671,[27.0],27.0,[31.14213538169861],31.14213538169861
639,672,"[43.0, 82.0, 43.0]",56.0,"[46.79898953437805, 97.42640614509583, 45.62741661071777]",63.28427076339722
640,674,"[21.0, 44.0]",32.5,"[29.97056245803833, 55.62741661071777]",42.79898953437805
641,675,[42.5],42.5,[52.62741661071777],52.62741661071777
642,676,"[19.0, 59.0]",39.0,"[32.79898953437805, 68.5269113779068]",50.662950456142426
643,677,[51.5],51.5,[63.11269783973694],63.11269783973694
644,678,[39.0],39.0,[42.79898953437805],42.79898953437805
645,679,[34.0],34.0,[64.94112491607666],64.94112491607666
646,680,[70.5],70.5,[55.041630148887634],55.041630148887634
647,681,[40.0],40.0,[48.041630148887634],48.041630148887634
648,682,[66.5],66.5,[56.28427076339722],56.28427076339722
649,683,"[38.5, 116.5, 121.5, 139.0, 124.0, 80.5]",103.33333333333333,"[47.041630148887634, 86.01219260692596, 81.18376553058624, 142.1959581375122, 101.56854152679443, 78.42640614509583]",89.40474901596706
650,684,[102.0],102.0,[109.56854152679443],109.56854152679443
651,685,[19.0],19.0,[29.14213538169861],29.14213538169861
652,686,"[108.5, 16.5]",62.5,"[86.08326029777527, 30.55634891986847]",58.31980460882187
653,687,[58.0],58.0,[41.62741661071777],41.62741661071777
654,688,[19.5],19.5,[43.79898953437805],43.79898953437805
655,689,[31.0],31.0,[45.97056245803833],45.97056245803833
656,690,[28.5],28.5,[33.041630148887634],33.041630148887634
657,691,[29.0],29.0,[30.313708305358887],30.313708305358887
658,692,[29.0],29.0,[29.485281229019165],29.485281229019165
659,693,"[31.0, 110.0]",70.5,"[30.313708305358887, 124.0538227558136]",77.18376553058624
660,694,"[101.0, 53.0]",77.0,"[89.56854152679443, 60.79898953437805]",75.18376553058624
661,695,[39.5],39.5,[50.21320307254791],50.21320307254791
662,696,[152.5],152.5,[178.02438521385193],178.02438521385193
663,697,"[31.5, 18.0]",24.75,"[35.31370830535889, 28.727921843528748]",32.02081507444382
664,698,[28.0],28.0,[43.21320307254791],43.21320307254791
665,699,[62.0],62.0,[105.22539567947388],105.22539567947388
666,700,[6.5],6.5,[33.38477599620819],33.38477599620819
667,701,"[18.0, 14.5]",16.25,"[49.62741661071777, 42.69848430156708]",46.162950456142426
668,702,"[14.5, 39.0, 39.0, 36.5]",32.25,"[42.69848430156708, 44.38477599620819, 44.38477599620819, 43.38477599620819]",43.71320307254791
669,703,[38.0],38.0,[39.97056245803833],39.97056245803833
670,704,[62.5],62.5,[104.15432798862457],104.15432798862457
671,705,[30.0],30.0,[34.31370830535889],34.31370830535889
672,706,[24.5],24.5,[29.313708305358887],29.313708305358887
673,707,[18.5],18.5,[29.727921843528748],29.727921843528748
674,708,[34.0],34.0,[44.79898953437805],44.79898953437805
675,709,[24.0],24.0,[28.313708305358887],28.313708305358887
676,710,[20.0],20.0,[39.14213538169861],39.14213538169861
677,711,[37.0],37.0,[62.455843687057495],62.455843687057495
678,712,[73.5],73.5,[55.5269113779068],55.5269113779068
679,713,[30.5],30.5,[33.31370830535889],33.31370830535889
680,714,[31.5],31.5,[37.38477599620819],37.38477599620819
681,715,[77.5],77.5,[60.69848430156708],60.69848430156708
682,716,[23.0],23.0,[28.313708305358887],28.313708305358887
683,717,[31.5],31.5,[32.55634891986847],32.55634891986847
684,718,[111.5],111.5,[100.01219260692596],100.01219260692596
685,719,[42.0],42.0,[36.72792184352875],36.72792184352875
686,720,[79.5],79.5,[95.39696860313416],95.39696860313416
687,721,[42.0],42.0,[36.72792184352875],36.72792184352875
688,722,[21.0],21.0,[31.55634891986847],31.55634891986847
689,723,[27.5],27.5,[37.38477599620819],37.38477599620819
690,724,[103.5],103.5,[93.25483322143555],93.25483322143555
691,725,[40.0],40.0,[35.97056245803833],35.97056245803833
692,726,[81.0],81.0,[97.08326029777527],97.08326029777527
693,727,[40.0],40.0,[35.97056245803833],35.97056245803833
694,728,[81.0],81.0,[97.08326029777527],97.08326029777527
695,729,[27.5],27.5,[31.38477599620819],31.38477599620819
696,730,[21.5],21.5,[30.55634891986847],30.55634891986847
697,731,[184.5],184.5,[177.68123936653137],177.68123936653137
698,732,[32.0],32.0,[52.455843687057495],52.455843687057495
699,733,[24.0],24.0,[29.97056245803833],29.97056245803833
700,734,[51.0],51.0,[58.11269783973694],58.11269783973694
701,735,[33.0],33.0,[41.97056245803833],41.97056245803833
702,736,[21.0],21.0,[41.62741661071777],41.62741661071777
703,737,[25.0],25.0,[30.79898953437805],30.79898953437805
704,738,[152.5],152.5,[178.02438521385193],178.02438521385193
705,739,[33.0],33.0,[31.97056245803833],31.97056245803833
706,740,[22.5],22.5,[47.870057225227356],47.870057225227356
707,741,[79.0],79.0,[107.08326029777527],107.08326029777527
708,742,[21.0],21.0,[40.455843687057495],40.455843687057495
709,743,[54.5],54.5,[77.18376553058624],77.18376553058624
710,744,[38.0],38.0,[39.97056245803833],39.97056245803833
711,745,[29.5],29.5,[43.041630148887634],43.041630148887634
712,746,[34.5],34.5,[37.72792184352875],37.72792184352875
713,747,[17.0],17.0,[31.627416610717773],31.627416610717773
714,748,[145.0],145.0,[129.71067690849304],129.71067690849304
715,749,[25.5],25.5,[40.55634891986847],40.55634891986847
716,750,[191.5],191.5,[176.09545290470123],176.09545290470123
717,751,[29.0],29.0,[39.97056245803833],39.97056245803833
718,752,[184.0],184.0,[177.5096664428711],177.5096664428711
719,753,[145.0],145.0,[134.88224983215332],134.88224983215332
720,754,[21.0],21.0,[34.72792184352875],34.72792184352875
721,755,[20.0],20.0,[50.870057225227356],50.870057225227356
722,756,[207.5],207.5,[166.99494767189026],166.99494767189026
723,757,[147.0],147.0,[109.91168737411499],109.91168737411499
724,758,[24.0],24.0,[33.55634891986847],33.55634891986847
725,759,[22.5],22.5,[40.62741661071777],40.62741661071777
726,760,[277.5],277.5,[278.2497808933258],278.2497808933258
727,761,[170.0],170.0,[151.02438521385193],151.02438521385193
728,762,[20.5],20.5,[33.72792184352875],33.72792184352875
729,763,[214.0],214.0,[202.48022890090942],202.48022890090942
730,764,[107.0],107.0,[89.08326029777527],89.08326029777527
731,765,[168.5],168.5,[138.71067690849304],138.71067690849304
732,766,[22.5],22.5,[37.72792184352875],37.72792184352875
733,767,[247.5],247.5,[238.0365778207779],238.0365778207779
734,768,[111.0],111.0,[83.42640614509583],83.42640614509583
735,769,[163.0],163.0,[122.88224983215332],122.88224983215332
736,770,[50.5],50.5,[64.69848430156708],64.69848430156708
737,771,[168.0],168.0,[115.56854152679443],115.56854152679443
738,772,[41.0],41.0,[52.11269783973694],52.11269783973694
739,773,[89.0],89.0,[122.46803629398346],122.46803629398346
740,774,[266.0],266.0,[235.7939372062683],235.7939372062683
741,775,[24.5],24.5,[38.21320307254791],38.21320307254791
742,776,[135.5],135.5,[125.46803629398346],125.46803629398346
743,777,[292.5],292.5,[244.86500489711761],244.86500489711761
744,778,[24.5],24.5,[32.55634891986847],32.55634891986847
745,779,[292.5],292.5,[244.86500489711761],244.86500489711761
746,780,[123.0],123.0,[102.74011445045471],102.74011445045471
747,781,[313.5],313.5,[227.06601536273956],227.06601536273956
748,782,[143.5],143.5,[170.92387998104095],170.92387998104095
749,783,[313.5],313.5,[227.06601536273956],227.06601536273956
750,784,[143.5],143.5,[170.92387998104095],170.92387998104095
751,785,[331.0],331.0,[210.48022890090942],210.48022890090942
752,786,[350.5],350.5,[280.59292674064636],280.59292674064636
753,787,[85.5],85.5,[87.18376553058624],87.18376553058624
754,788,[343.0],343.0,[255.52185904979706],255.52185904979706
755,789,[70.5],70.5,[58.69848430156708],58.69848430156708
756,790,[68.0],68.0,[58.870057225227356],58.870057225227356
757,791,[136.5],136.5,[142.71067690849304],142.71067690849304
758,792,[77.0],77.0,[73.76955199241638],73.76955199241638
759,793,[129.5],129.5,[163.33809351921082],163.33809351921082
760,794,[125.5],125.5,[117.81118214130402],117.81118214130402
761,795,[60.0],60.0,[76.25483322143555],76.25483322143555
762,796,[43.0],43.0,[50.455843687057495],50.455843687057495
763,797,[149.0],149.0,[146.1959581375122],146.1959581375122
764,798,[61.0],61.0,[75.76955199241638],75.76955199241638
765,799,[42.5],42.5,[52.21320307254791],52.21320307254791
766,800,[117.5],117.5,[96.15432798862457],96.15432798862457
767,801,[63.0],63.0,[75.42640614509583],75.42640614509583
768,802,[47.0],47.0,[52.455843687057495],52.455843687057495
769,803,[44.0],44.0,[48.455843687057495],48.455843687057495
770,804,[25.5],25.5,[35.38477599620819],35.38477599620819
771,805,[39.5],39.5,[52.62741661071777],52.62741661071777
772,806,[213.0],213.0,[173.99494767189026],173.99494767189026
773,807,[67.0],67.0,[79.01219260692596],79.01219260692596
774,808,[26.0],26.0,[38.79898953437805],38.79898953437805
775,809,[36.0],36.0,[50.79898953437805],50.79898953437805
776,810,[181.0],181.0,[141.85281229019165],141.85281229019165
777,811,[28.0],28.0,[46.455843687057495],46.455843687057495
778,812,[26.0],26.0,[36.79898953437805],36.79898953437805
779,813,[24.5],24.5,[37.79898953437805],37.79898953437805
780,814,[205.5],205.5,[203.33809351921082],203.33809351921082
781,815,[70.0],70.0,[101.08326029777527],101.08326029777527
782,816,[193.5],193.5,[198.99494767189026],198.99494767189026
783,817,[18.5],18.5,[31.38477599620819],31.38477599620819
784,818,[47.5],47.5,[50.69848430156708],50.69848430156708
785,819,[412.0],412.0,[418.1614682674408],418.1614682674408
786,820,[14.5],14.5,[31.727921843528748],31.727921843528748
787,821,[412.0],412.0,[418.1614682674408],418.1614682674408
788,822,[91.5],91.5,[100.84061968326569],100.84061968326569
789,823,[339.0],339.0,[345.04877042770386],345.04877042770386
790,824,[71.0],71.0,[98.25483322143555],98.25483322143555
791,825,[39.5],39.5,[34.55634891986847],34.55634891986847
792,826,[18.0],18.0,[36.79898953437805],36.79898953437805
793,827,[306.0],306.0,[259.7939372062683],259.7939372062683
794,828,[248.0],248.0,[199.99494767189026],199.99494767189026
795,829,[305.0],305.0,[330.5634891986847],330.5634891986847
796,830,[170.5],170.5,[144.71067690849304],144.71067690849304
797,831,[305.0],305.0,[330.5634891986847],330.5634891986847
798,832,[170.5],170.5,[144.71067690849304],144.71067690849304
799,833,[25.0],25.0,[37.97056245803833],37.97056245803833
800,834,[138.0],138.0,[146.53910398483276],146.53910398483276
801,835,[211.5],211.5,[142.29646337032318],142.29646337032318
802,836,[48.5],48.5,[40.55634891986847],40.55634891986847
803,837,[41.5],41.5,[57.041630148887634],57.041630148887634
804,838,[26.5],26.5,[43.38477599620819],43.38477599620819
805,839,[58.5],58.5,[52.62741661071777],52.62741661071777
806,840,[50.0],50.0,[62.11269783973694],62.11269783973694
807,841,[64.0],64.0,[82.5979790687561],82.5979790687561
808,842,[38.5],38.5,[42.21320307254791],42.21320307254791
809,843,[234.0],234.0,[180.68123936653137],180.68123936653137
810,844,[48.0],48.0,[38.31370830535889],38.31370830535889
811,845,[54.5],54.5,[55.870057225227356],55.870057225227356
812,846,[25.5],25.5,[53.041630148887634],53.041630148887634
813,847,[55.0],55.0,[49.97056245803833],49.97056245803833
814,848,[39.0],39.0,[64.94112491607666],64.94112491607666
815,849,[17.5],17.5,[31.727921843528748],31.727921843528748
816,850,[117.0],117.0,[141.71067690849304],141.71067690849304
817,851,[131.5],131.5,[118.15432798862457],118.15432798862457
818,852,[77.5],77.5,[59.870057225227356],59.870057225227356
819,853,[26.5],26.5,[36.21320307254791],36.21320307254791
820,854,[75.0],75.0,[107.08326029777527],107.08326029777527
821,855,[15.0],15.0,[29.14213538169861],29.14213538169861
822,856,[6.0],6.0,[31.55634891986847],31.55634891986847
823,857,[58.5],58.5,[68.69848430156708],68.69848430156708
824,858,[114.0],114.0,[82.5979790687561],82.5979790687561
825,859,[55.0],55.0,[100.25483322143555],100.25483322143555
826,860,[40.0],40.0,[73.76955199241638],73.76955199241638
827,861,[75.5],75.5,[94.08326029777527],94.08326029777527
828,862,[41.5],41.5,[81.18376553058624],81.18376553058624
829,863,[66.0],66.0,[60.5269113779068],60.5269113779068
830,864,[31.0],31.0,[60.455843687057495],60.455843687057495
831,865,[28.0],28.0,[43.21320307254791],43.21320307254791
832,866,"[56.5, 13.5]",35.0,"[75.18376553058624, 30.55634891986847]",52.870057225227356
833,867,[10.5],10.5,[30.55634891986847],30.55634891986847
834,868,[18.5],18.5,[33.72792184352875],33.72792184352875
835,869,[207.5],207.5,[166.99494767189026],166.99494767189026
836,870,"[277.5, 107.0]",192.25,"[278.2497808933258, 89.08326029777527]",183.66652059555054
837,871,"[107.0, 214.0]",160.5,"[89.08326029777527, 202.48022890090942]",145.78174459934235
838,872,"[214.0, 111.0]",162.5,"[202.48022890090942, 83.42640614509583]",142.95331752300262
839,873,"[111.0, 247.5]",179.25,"[83.42640614509583, 238.0365778207779]",160.73149198293686
840,874,[247.5],247.5,[238.0365778207779],238.0365778207779
841,875,[68.5],68.5,[80.84061968326569],80.84061968326569
842,876,[144.5],144.5,[87.66904675960541],87.66904675960541
843,877,"[89.0, 95.0]",92.0,"[122.46803629398346, 73.76955199241638]",98.11879414319992
844,878,"[95.0, 31.5]",63.25,"[73.76955199241638, 32.55634891986847]",53.162950456142426
845,879,"[31.5, 266.0]",148.75,"[32.55634891986847, 235.7939372062683]",134.1751430630684
846,880,"[266.0, 135.5]",200.75,"[235.7939372062683, 125.46803629398346]",180.63098675012589
847,881,[135.5],135.5,[125.46803629398346],125.46803629398346
848,882,"[29.0, 292.5]",160.75,"[32.79898953437805, 244.86500489711761]",138.83199721574783
849,883,"[292.5, 123.0]",207.75,"[244.86500489711761, 102.74011445045471]",173.80255967378616
850,884,[123.0],123.0,[102.74011445045471],102.74011445045471
851,885,[29.5],29.5,[33.38477599620819],33.38477599620819
852,886,"[25.0, 313.5]",169.25,"[44.79898953437805, 227.06601536273956]",135.9325024485588
853,887,"[313.5, 143.5]",228.5,"[227.06601536273956, 170.92387998104095]",198.99494767189026
854,888,[143.5],143.5,[170.92387998104095],170.92387998104095
855,889,[18.5],18.5,[33.38477599620819],33.38477599620819
856,890,[24.0],24.0,[35.14213538169861],35.14213538169861
857,891,[331.0],331.0,[210.48022890090942],210.48022890090942
858,892,[63.0],63.0,[85.08326029777527],85.08326029777527
859,893,[350.5],350.5,[280.59292674064636],280.59292674064636
860,894,[85.5],85.5,[87.18376553058624],87.18376553058624
861,895,[20.5],20.5,[31.38477599620819],31.38477599620819
862,896,[343.0],343.0,[255.52185904979706],255.52185904979706
863,897,[136.5],136.5,[142.71067690849304],142.71067690849304
864,898,[9.5],9.5,[32.97056245803833],32.97056245803833
865,899,[129.5],129.5,[163.33809351921082],163.33809351921082
866,900,[125.5],125.5,[117.81118214130402],117.81118214130402
867,901,[43.0],43.0,[50.455843687057495],50.455843687057495
868,902,[60.0],60.0,[76.25483322143555],76.25483322143555
869,903,[149.0],149.0,[146.1959581375122],146.1959581375122
870,904,[42.5],42.5,[52.21320307254791],52.21320307254791
871,905,[61.0],61.0,[75.76955199241638],75.76955199241638
872,906,[205.5],205.5,[203.33809351921082],203.33809351921082
873,907,[37.5],37.5,[34.55634891986847],34.55634891986847
874,908,[70.0],70.0,[101.08326029777527],101.08326029777527
875,909,[193.5],193.5,[198.99494767189026],198.99494767189026
876,910,[33.5],33.5,[34.55634891986847],34.55634891986847
877,911,[29.0],29.0,[56.79898953437805],56.79898953437805
878,912,[412.0],412.0,[418.1614682674408],418.1614682674408
879,913,[39.0],39.0,[29.14213538169861],29.14213538169861
880,914,[91.5],91.5,[100.84061968326569],100.84061968326569
881,915,[55.0],55.0,[101.76955199241638],101.76955199241638
882,916,"[28.0, 43.0]",35.5,"[41.62741661071777, 77.28427076339722]",59.455843687057495
883,917,[42.0],42.0,[53.21320307254791],53.21320307254791
884,918,[48.5],48.5,[31.727921843528748],31.727921843528748
885,919,[41.0],41.0,[53.62741661071777],53.62741661071777
886,920,[97.5],97.5,[121.39696860313416],121.39696860313416
887,921,[46.0],46.0,[39.55634891986847],39.55634891986847
888,922,[40.5],40.5,[59.041630148887634],59.041630148887634
889,923,[40.5],40.5,[41.870057225227356],41.870057225227356
890,924,[52.0],52.0,[39.97056245803833],39.97056245803833
891,925,[49.0],49.0,[64.11269783973694],64.11269783973694
892,926,[38.0],38.0,[41.62741661071777],41.62741661071777
893,927,[43.5],43.5,[40.21320307254791],40.21320307254791
894,928,[56.5],56.5,[63.5269113779068],63.5269113779068
895,929,[36.0],36.0,[41.62741661071777],41.62741661071777
896,930,[35.0],35.0,[39.62741661071777],39.62741661071777
897,931,[58.5],58.5,[64.35533845424652],64.35533845424652
898,932,[26.0],26.0,[35.97056245803833],35.97056245803833
899,933,[84.0],84.0,[129.29646337032318],129.29646337032318
900,934,[21.0],21.0,[37.97056245803833],37.97056245803833
901,935,[78.0],78.0,[109.91168737411499],109.91168737411499
902,936,[180.5],180.5,[188.92387998104095],188.92387998104095
903,937,[37.0],37.0,[64.94112491607666],64.94112491607666
904,938,[50.0],50.0,[64.94112491607666],64.94112491607666
905,939,[123.0],123.0,[134.88224983215332],134.88224983215332
906,940,[25.0],25.0,[42.79898953437805],42.79898953437805
907,941,[46.5],46.5,[61.870057225227356],61.870057225227356
908,942,[209.5],209.5,[125.0538227558136],125.0538227558136
909,943,[17.0],17.0,[30.313708305358887],30.313708305358887
910,944,[45.0],45.0,[62.94112491607666],62.94112491607666
911,945,[215.5],215.5,[137.0538227558136],137.0538227558136
912,946,"[389.5, 108.0]",248.75,"[242.0365778207779, 131.9827550649643]",187.0096664428711
913,947,"[108.0, 255.0]",181.5,"[131.9827550649643, 113.56854152679443]",122.77564829587936
914,948,[255.0],255.0,[113.56854152679443],113.56854152679443
915,949,[76.0],76.0,[115.56854152679443],115.56854152679443
916,950,[45.0],45.0,[51.69848430156708],51.69848430156708
917,951,[62.0],62.0,[109.91168737411499],109.91168737411499
918,952,[101.0],101.0,[100.74011445045471],100.74011445045471
919,953,[93.0],93.0,[112.32590091228485],112.32590091228485
920,954,[33.0],33.0,[32.79898953437805],32.79898953437805
921,955,[86.0],86.0,[122.39696860313416],122.39696860313416
922,956,[32.5],32.5,[44.21320307254791],44.21320307254791
923,957,[69.0],69.0,[80.94112491607666],80.94112491607666
924,958,[69.5],69.5,[90.01219260692596],90.01219260692596
925,959,[23.0],23.0,[48.11269783973694],48.11269783973694
926,960,[66.5],66.5,[77.5269113779068],77.5269113779068
927,961,[66.0],66.0,[106.66904675960541],106.66904675960541
928,962,[41.0],41.0,[42.041630148887634],42.041630148887634
929,963,[111.0],111.0,[116.39696860313416],116.39696860313416
930,964,[17.0],17.0,[33.485281229019165],33.485281229019165
931,965,[114.0],114.0,[115.56854152679443],115.56854152679443
932,966,[15.0],15.0,[34.31370830535889],34.31370830535889
933,967,[53.5],53.5,[47.041630148887634],47.041630148887634
934,968,[62.0],62.0,[87.91168737411499],87.91168737411499
935,969,[179.0],179.0,[130.1959581375122],130.1959581375122
936,970,[46.5],46.5,[44.21320307254791],44.21320307254791
937,971,[67.5],67.5,[78.84061968326569],78.84061968326569
938,972,[141.5],141.5,[96.15432798862457],96.15432798862457
939,973,[100.5],100.5,[79.18376553058624],79.18376553058624
940,974,[137.0],137.0,[99.08326029777527],99.08326029777527
941,975,[100.0],100.0,[80.94112491607666],80.94112491607666
942,976,[11.0],11.0,[37.97056245803833],37.97056245803833
943,977,"[173.5, 69.5]",121.5,"[147.95331752300262, 47.79898953437805]",97.87615352869034
944,978,[49.0],49.0,[56.870057225227356],56.870057225227356
945,979,[40.0],40.0,[56.11269783973694],56.11269783973694
946,980,[28.0],28.0,[47.21320307254791],47.21320307254791
947,981,[54.0],54.0,[98.25483322143555],98.25483322143555
948,982,[48.0],48.0,[89.08326029777527],89.08326029777527
949,983,[71.5],71.5,[78.42640614509583],78.42640614509583
950,984,"[26.0, 44.5]",35.25,"[32.79898953437805, 38.97056245803833]",35.88477599620819
951,985,[55.5],55.5,[44.21320307254791],44.21320307254791
952,986,"[19.5, 41.5, 48.5]",36.5,"[30.55634891986847, 54.28427076339722, 55.041630148887634]",46.62741661071777
953,987,[95.5],95.5,[87.66904675960541],87.66904675960541
954,988,[60.5],60.5,[57.041630148887634],57.041630148887634
955,989,[36.5],36.5,[42.55634891986847],42.55634891986847
956,990,[84.0],84.0,[89.49747383594513],89.49747383594513
957,991,[65.5],65.5,[104.15432798862457],104.15432798862457
958,992,[28.0],28.0,[42.79898953437805],42.79898953437805
959,993,"[22.0, 30.5]",26.25,"[46.870057225227356, 33.31370830535889]",40.09188276529312
960,994,[31.5],31.5,[32.55634891986847],32.55634891986847
961,995,[84.5],84.5,[80.76955199241638],80.76955199241638
962,996,[30.5],30.5,[41.38477599620819],41.38477599620819
963,997,[87.0],87.0,[71.28427076339722],71.28427076339722
964,998,[29.0],29.0,[47.62741661071777],47.62741661071777
965,999,[76.0],76.0,[66.11269783973694],66.11269783973694
966,1000,[25.5],25.5,[47.38477599620819],47.38477599620819
967,1001,[131.0],131.0,[134.39696860313416],134.39696860313416
968,1002,[30.0],30.0,[39.14213538169861],39.14213538169861
969,1003,[145.0],145.0,[129.71067690849304],129.71067690849304
970,1004,[207.5],207.5,[166.99494767189026],166.99494767189026
971,1005,[27.5],27.5,[33.72792184352875],33.72792184352875
972,1006,[277.5],277.5,[278.2497808933258],278.2497808933258
973,1007,[37.5],37.5,[51.870057225227356],51.870057225227356
974,1008,[17.0],17.0,[33.55634891986847],33.55634891986847
975,1009,[63.0],63.0,[85.08326029777527],85.08326029777527
976,1010,[44.5],44.5,[68.01219260692596],68.01219260692596
977,1011,[20.5],20.5,[31.38477599620819],31.38477599620819
978,1012,[41.5],41.5,[51.041630148887634],51.041630148887634
979,1013,[61.0],61.0,[75.76955199241638],75.76955199241638
980,1014,[26.5],26.5,[36.21320307254791],36.21320307254791
981,1015,[142.5],142.5,[153.61017167568207],153.61017167568207
982,1016,"[22.0, 108.0]",65.0,"[37.97056245803833, 122.0538227558136]",80.01219260692596
983,1017,[89.5],89.5,[100.56854152679443],100.56854152679443
984,1018,[23.0],23.0,[32.79898953437805],32.79898953437805
985,1019,[50.0],50.0,[62.11269783973694],62.11269783973694
986,1020,[36.0],36.0,[44.79898953437805],44.79898953437805
987,1021,[122.0],122.0,[109.91168737411499],109.91168737411499
988,1022,"[117.0, 230.5]",173.75,"[141.71067690849304, 160.4385987520218]",151.07463783025742
989,1023,[230.5],230.5,[160.4385987520218],160.4385987520218
990,1024,[117.0],117.0,[141.71067690849304],141.71067690849304
991,1025,"[15.0, 23.0, 10.0]",16.0,"[27.899494767189026, 48.11269783973694, 30.727921843528748]",35.58003815015157
992,1026,"[32.0, 27.5, 28.5, 23.0, 24.5]",27.1,"[33.97056245803833, 33.38477599620819, 47.38477599620819, 42.79898953437805, 43.041630148887634]",40.11614682674408
993,1027,[6.5],6.5,[35.38477599620819],35.38477599620819
994,1028,"[7.5, 46.0, 54.0, 63.5, 56.5, 57.0, 43.5]",46.857142857142854,"[37.79898953437805, 37.55634891986847, 44.455843687057495, 68.01219260692596, 51.5269113779068, 100.25483322143555, 84.01219260692596]",60.51675885064261
995,1029,"[16.0, 16.0]",16.0,"[27.485281229019165, 30.79898953437805]",29.14213538169861
996,1031,[46.0],46.0,[52.455843687057495],52.455843687057495
997,1032,[38.5],38.5,[31.38477599620819],31.38477599620819
998,1033,[54.0],54.0,[52.041630148887634],52.041630148887634
999,1034,"[61.0, 43.0, 41.0]",48.333333333333336,"[62.11269783973694, 45.97056245803833, 45.62741661071777]",51.236892302831016
1000,1035,[34.0],34.0,[42.38477599620819],42.38477599620819
1001,1036,[53.0],53.0,[39.62741661071777],39.62741661071777
1002,1037,[34.0],34.0,[44.455843687057495],44.455843687057495
1003,1038,[45.0],45.0,[33.55634891986847],33.55634891986847
1004,1039,"[11.0, 48.5, 43.5, 39.0, 37.0, 38.0, 32.5, 34.5]",35.5,"[47.21320307254791, 49.041630148887634, 49.041630148887634, 35.55634891986847, 35.62741661071777, 37.97056245803833, 39.38477599620819, 44.62741661071777]",42.307872995734215
1005,1040,"[31.0, 112.0, 111.5]",84.83333333333333,"[47.62741661071777, 95.08326029777527, 94.84061968326569]",79.18376553058624
1006,1041,"[98.5, 208.5]",153.5,"[88.01219260692596, 167.2670258283615]",127.63960921764374
1007,1042,"[180.0, 90.0]",135.0,"[153.02438521385193, 75.42640614509583]",114.22539567947388
1008,1043,[87.0],87.0,[59.28427076339722],59.28427076339722
1009,1044,"[138.5, 74.5]",106.5,"[136.78174459934235, 59.5269113779068]",98.15432798862457
1010,1046,"[8.0, 42.5, 74.5, 61.5, 54.0]",48.1,"[31.071067690849304, 109.81118214130402, 86.76955199241638, 67.94112491607666, 51.62741661071777]",69.44406867027283
1011,1047,[112.5],112.5,[152.29646337032318],152.29646337032318
1012,1048,[53.5],53.5,[42.21320307254791],42.21320307254791
1013,1049,[28.0],28.0,[37.97056245803833],37.97056245803833
1014,1050,[52.0],52.0,[41.62741661071777],41.62741661071777
1015,1051,"[33.5, 50.0]",41.75,"[58.69848430156708, 47.62741661071777]",53.162950456142426
1016,1052,[46.5],46.5,[46.21320307254791],46.21320307254791
1017,1053,[24.0],24.0,[41.62741661071777],41.62741661071777
1018,1054,[83.5],83.5,[93.18376553058624],93.18376553058624
1019,1055,[55.0],55.0,[52.11269783973694],52.11269783973694
1020,1056,[92.0],92.0,[86.66904675960541],86.66904675960541
1021,1057,[75.5],75.5,[51.5269113779068],51.5269113779068
1022,1058,[256.0],256.0,[186.33809351921082],186.33809351921082
1023,1059,[71.5],71.5,[57.041630148887634],57.041630148887634
1024,1060,[245.5],245.5,[190.5807341337204],190.5807341337204
1025,1061,"[49.5, 33.0]",41.25,"[40.55634891986847, 72.94112491607666]",56.748736917972565
1026,1062,[24.0],24.0,[35.14213538169861],35.14213538169861
1027,1063,[75.0],75.0,[70.5979790687561],70.5979790687561
1028,1064,"[44.5, 73.0]",58.75,"[37.38477599620819, 60.11269783973694]",48.748736917972565
1029,1065,"[84.0, 48.5]",66.25,"[88.25483322143555, 42.21320307254791]",65.23401814699173
1030,1066,"[48.5, 84.0]",66.25,"[42.21320307254791, 88.25483322143555]",65.23401814699173
1031,1067,"[16.0, 75.0, 69.5]",53.5,"[39.62741661071777, 86.25483322143555, 71.18376553058624]",65.68867178757985
1032,1068,"[38.5, 26.0]",32.25,"[36.55634891986847, 46.455843687057495]",41.50609630346298
1033,1069,"[32.5, 34.0, 33.0, 37.5, 31.0]",33.6,"[33.72792184352875, 43.14213538169861, 39.14213538169861, 39.38477599620819, 47.62741661071777]",40.60487704277038
1034,1070,"[31.5, 12.0, 12.5, 15.0, 12.0]",16.6,"[41.38477599620819, 33.14213538169861, 32.899494767189026, 38.31370830535889, 39.14213538169861]",36.976449966430664
1035,1071,[9.5],9.5,[33.72792184352875],33.72792184352875
1036,1072,[9.0],9.0,[27.485281229019165],27.485281229019165
1037,1073,"[9.0, 3.0]",6.0,"[34.31370830535889, 27.071067690849304]",30.692387998104095
1038,1074,"[14.0, 14.0]",14.0,"[30.727921843528748, 30.727921843528748]",30.727921843528748
1039,1076,[58.0],58.0,[64.94112491607666],64.94112491607666
1040,1077,[13.0],13.0,[42.870057225227356],42.870057225227356
1041,1078,"[112.0, 14.5]",63.25,"[117.22539567947388, 32.55634891986847]",74.89087229967117
1042,1079,[35.0],35.0,[46.11269783973694],46.11269783973694
1043,1080,[67.0],67.0,[56.455843687057495],56.455843687057495
1044,1081,"[36.5, 18.5, 44.0, 32.0]",32.75,"[49.870057225227356, 32.55634891986847, 47.62741661071777, 29.14213538169861]",39.79898953437805
1045,1083,"[34.0, 30.5]",32.25,"[53.28427076339722, 50.21320307254791]",51.748736917972565
1046,1084,[33.5],33.5,[52.69848430156708],52.69848430156708
1047,1085,"[15.5, 22.5]",19.0,"[34.55634891986847, 45.38477599620819]",39.97056245803833
1048,1086,[23.0],23.0,[46.79898953437805],46.79898953437805
1049,1087,[29.0],29.0,[56.11269783973694],56.11269783973694
1050,1088,[39.5],39.5,[49.041630148887634],49.041630148887634
1051,1089,[62.0],62.0,[105.22539567947388],105.22539567947388
1052,1090,[25.0],25.0,[34.79898953437805],34.79898953437805
1053,1091,[110.0],110.0,[124.0538227558136],124.0538227558136
1054,1092,[14.5],14.5,[42.69848430156708],42.69848430156708
1055,1093,[101.0],101.0,[89.56854152679443],89.56854152679443
1056,1094,[17.0],17.0,[38.79898953437805],38.79898953437805
1057,1095,"[62.5, 31.0, 16.5]",36.666666666666664,"[104.15432798862457, 28.313708305358887, 29.727921843528748]",54.06531937917074
1058,1096,[17.0],17.0,[28.313708305358887],28.313708305358887
1059,1097,[19.0],19.0,[29.14213538169861],29.14213538169861
1060,1098,[39.0],39.0,[47.62741661071777],47.62741661071777
1061,1099,[12.5],12.5,[29.727921843528748],29.727921843528748
1062,1100,"[24.0, 37.0, 38.5]",33.166666666666664,"[39.97056245803833, 37.14213538169861, 39.72792184352875]",38.946873227755226
1063,1101,[34.5],34.5,[35.72792184352875],35.72792184352875
1064,1102,[14.0],14.0,[31.14213538169861],31.14213538169861
1065,1103,[27.5],27.5,[34.62741661071777],34.62741661071777
1066,1104,[24.0],24.0,[62.455843687057495],62.455843687057495
1067,1105,[23.0],23.0,[34.79898953437805],34.79898953437805
1068,1106,"[24.0, 23.0]",23.5,"[62.455843687057495, 34.79898953437805]",48.62741661071777
1069,1107,[19.5],19.5,[35.79898953437805],35.79898953437805
1070,1108,[17.5],17.5,[32.899494767189026],32.899494767189026
1071,1109,[65.0],65.0,[93.08326029777527],93.08326029777527
1072,1110,[17.0],17.0,[30.313708305358887],30.313708305358887
1073,1111,[42.5],42.5,[54.69848430156708],54.69848430156708
1074,1112,[27.5],27.5,[33.72792184352875],33.72792184352875
1075,1113,[28.0],28.0,[36.79898953437805],36.79898953437805
1076,1114,[37.5],37.5,[51.870057225227356],51.870057225227356
1077,1115,[26.0],26.0,[36.79898953437805],36.79898953437805
1078,1116,[214.0],214.0,[202.48022890090942],202.48022890090942
1079,1117,[247.5],247.5,[238.0365778207779],238.0365778207779
1080,1118,[84.0],84.0,[101.08326029777527],101.08326029777527
1081,1119,"[17.5, 61.5, 54.5]",44.5,"[35.72792184352875, 69.5269113779068, 76.01219260692596]",60.42234194278717
1082,1120,"[35.0, 21.5]",28.25,"[62.11269783973694, 36.55634891986847]",49.334523379802704
1083,1121,"[44.5, 65.5, 41.5]",50.5,"[68.01219260692596, 79.18376553058624, 51.041630148887634]",66.07919609546661
1084,1123,"[38.5, 168.0]",103.25,"[57.870057225227356, 115.22539567947388]",86.54772645235062
1085,1124,[168.0],168.0,[115.22539567947388],115.22539567947388
1086,1125,[41.5],41.5,[59.11269783973694],59.11269783973694
1087,1126,[203.0],203.0,[77.01219260692596],77.01219260692596
1088,1127,[45.5],45.5,[57.455843687057495],57.455843687057495
1089,1128,[154.5],154.5,[83.66904675960541],83.66904675960541
1090,1129,"[18.5, 331.5]",175.0,"[39.38477599620819, 169.68123936653137]",104.53300768136978
1091,1130,[359.0],359.0,[229.30865597724915],229.30865597724915
1092,1131,[11.5],11.5,[31.727921843528748],31.727921843528748
1093,1132,[203.5],203.5,[94.49747383594513],94.49747383594513
1094,1133,[13.0],13.0,[33.55634891986847],33.55634891986847
1095,1134,[249.5],249.5,[107.66904675960541],107.66904675960541
1096,1135,"[28.0, 227.0, 292.0, 261.5]",202.125,"[49.28427076339722, 89.08326029777527, 85.08326029777527, 127.81118214130402]",87.81549337506294
1097,1136,[256.5],256.5,[126.15432798862457],126.15432798862457
1098,1137,[37.0],37.0,[37.62741661071777],37.62741661071777
1099,1138,[181.5],181.5,[122.29646337032318],122.29646337032318
1100,1139,[36.5],36.5,[38.21320307254791],38.21320307254791
1101,1140,"[119.0, 25.0]",72.0,"[81.42640614509583, 37.62741661071777]",59.5269113779068
1102,1141,"[22.5, 46.5, 47.5]",38.833333333333336,"[37.38477599620819, 35.041630148887634, 31.79898953437805]",34.74179855982462
1103,1142,[33.0],33.0,[31.55634891986847],31.55634891986847
1104,1143,"[20.0, 22.0]",21.0,"[34.79898953437805, 53.62741661071777]",44.21320307254791
1105,1144,[16.5],16.5,[49.79898953437805],49.79898953437805
1106,1145,[25.0],25.0,[33.97056245803833],33.97056245803833
1107,1146,[14.5],14.5,[28.485281229019165],28.485281229019165
1108,1147,[66.0],66.0,[54.455843687057495],54.455843687057495
1109,1148,[22.5],22.5,[34.55634891986847],34.55634891986847
1110,1149,[22.0],22.0,[31.97056245803833],31.97056245803833
1111,1150,[70.5],70.5,[55.041630148887634],55.041630148887634
1112,1151,[63.5],63.5,[72.76955199241638],72.76955199241638
1113,1152,[34.5],34.5,[37.72792184352875],37.72792184352875
1114,1153,[29.0],29.0,[29.97056245803833],29.97056245803833
1115,1154,[51.5],51.5,[45.041630148887634],45.041630148887634
1116,1155,"[29.0, 26.5]",27.75,"[35.14213538169861, 29.727921843528748]",32.43502861261368
1117,1156,[14.5],14.5,[32.55634891986847],32.55634891986847
1118,1157,[72.0],72.0,[62.455843687057495],62.455843687057495
1119,1158,[30.5],30.5,[46.21320307254791],46.21320307254791
1120,1159,[29.5],29.5,[53.870057225227356],53.870057225227356
1121,1160,[65.5],65.5,[64.69848430156708],64.69848430156708
1122,1161,"[17.5, 38.0]",27.75,"[35.38477599620819, 39.97056245803833]",37.67766922712326
1123,1162,"[33.5, 37.0]",35.25,"[34.55634891986847, 52.041630148887634]",43.29898953437805
1124,1163,[27.5],27.5,[40.55634891986847],40.55634891986847
1125,1164,"[12.0, 57.5]",34.75,"[28.313708305358887, 74.01219260692596]",51.162950456142426
1126,1165,"[54.5, 20.0]",37.25,"[48.69848430156708, 31.97056245803833]",40.334523379802704
1127,1166,[15.0],15.0,[28.313708305358887],28.313708305358887
1128,1167,"[24.5, 26.5]",25.5,"[34.14213538169861, 36.62741661071777]",35.38477599620819
1129,1168,[25.5],25.5,[31.38477599620819],31.38477599620819
1130,1169,"[49.0, 20.0]",34.5,"[46.79898953437805, 32.38477599620819]",39.59188276529312
1131,1171,"[51.5, 32.5, 22.0]",35.333333333333336,"[52.28427076339722, 37.38477599620819, 31.97056245803833]",40.54653640588125
1132,1172,"[42.0, 36.0]",39.0,"[42.041630148887634, 37.97056245803833]",40.00609630346298
1133,1173,"[27.5, 20.5]",24.0,"[35.38477599620819, 41.041630148887634]",38.21320307254791
1134,1174,[21.5],21.5,[32.55634891986847],32.55634891986847
1135,1175,"[29.5, 37.5, 61.5, 64.0]",48.125,"[42.97056245803833, 32.55634891986847, 48.62741661071777, 51.28427076339722]",43.85964968800545
1136,1176,[51.5],51.5,[32.14213538169861],32.14213538169861
1137,1177,"[13.0, 45.0, 40.5, 42.0]",35.125,"[28.313708305358887, 33.14213538169861, 59.870057225227356, 58.455843687057495]",44.94543614983559
1138,1178,"[31.0, 25.0, 27.5]",27.833333333333332,"[47.62741661071777, 31.14213538169861, 30.55634891986847]",36.44196697076162
1139,1179,[30.5],30.5,[37.38477599620819],37.38477599620819
1140,1180,[16.5],16.5,[28.899494767189026],28.899494767189026
1141,1181,"[14.0, 34.0, 38.0, 36.5, 39.0, 32.0]",32.25,"[28.313708305358887, 33.97056245803833, 31.14213538169861, 34.14213538169861, 33.55634891986847, 32.31370830535889]",32.239766458670296
1142,1184,[50.5],50.5,[39.38477599620819],39.38477599620819
1143,1185,[20.5],20.5,[30.899494767189026],30.899494767189026
1144,1186,"[28.5, 16.0, 24.5, 26.0, 25.0, 38.5, 41.0]",28.5,"[39.38477599620819, 35.899494767189026, 48.55634891986847, 43.14213538169861, 41.97056245803833, 44.21320307254791, 53.28427076339722]",43.77868447984968
1145,1187,"[30.0, 48.0]",39.0,"[28.313708305358887, 56.041630148887634]",42.17766922712326
