,ncm_id,ncm_volume,ncm_sur,pore_id,pore_volume,pore_sur
0,0,5233.5,1493.93519616127,0,21.5,32.55634891986847
1,1,2806.5,907.6610300540924,1,138.75,148.33199721574783
2,2,681.5,281.4213538169861,2,65.5,55.49848430156708
3,3,2697.0,806.0092282295227,4,41.5,30.485281229019165
4,3,2697.0,806.0092282295227,5,389.5,242.0365778207779
5,3,2697.0,806.0092282295227,6,42.5,37.79898953437805
6,3,2697.0,806.0092282295227,7,108.0,131.9827550649643
7,3,2697.0,806.0092282295227,8,41.0,33.14213538169861
8,3,2697.0,806.0092282295227,9,76.0,115.56854152679443
9,3,2697.0,806.0092282295227,10,36.5,31.38477599620819
10,3,2697.0,806.0092282295227,11,77.5,111.11879414319992
11,3,2697.0,806.0092282295227,12,77.5,101.6690467596054
12,3,2697.0,806.0092282295227,13,66.5,77.5269113779068
13,3,2697.0,806.0092282295227,14,67.5,73.35533845424652
14,4,1335.5,470.9310202598572,15,20.166666666666668,31.36108676592509
15,5,27240.0,4891.025931835175,16,103.0,65.35533845424652
16,5,27240.0,4891.025931835175,17,117.25,84.7192993760109
17,5,27240.0,4891.025931835175,18,140.5,100.15432798862456
18,5,27240.0,4891.025931835175,19,197.0,153.85281229019165
19,5,27240.0,4891.025931835175,20,36.5,41.455843687057495
20,5,27240.0,4891.025931835175,21,207.0,151.02438521385193
21,5,27240.0,4891.025931835175,22,62.0,64.4558436870575
22,5,27240.0,4891.025931835175,23,69.0,50.38477599620819
23,5,27240.0,4891.025931835175,24,57.5,65.04163014888763
24,5,27240.0,4891.025931835175,25,210.5,183.61017167568207
25,5,27240.0,4891.025931835175,26,159.0,118.88224983215332
26,5,27240.0,4891.025931835175,27,54.5,68.69848430156708
27,5,27240.0,4891.025931835175,28,212.5,121.32590091228484
28,5,27240.0,4891.025931835175,29,152.0,118.0538227558136
29,5,27240.0,4891.025931835175,30,50.5,68.69848430156708
30,5,27240.0,4891.025931835175,31,213.0,123.911687374115
31,5,27240.0,4891.025931835175,32,37.5,41.38477599620819
32,5,27240.0,4891.025931835175,33,234.16666666666663,146.5252272685369
33,5,27240.0,4891.025931835175,34,251.5,166.4385987520218
34,5,27240.0,4891.025931835175,35,79.5,65.04163014888763
35,5,27240.0,4891.025931835175,36,275.5,218.5807341337204
36,5,27240.0,4891.025931835175,37,100.0,73.28427076339722
37,5,27240.0,4891.025931835175,38,116.21428571428572,76.14910258565631
38,5,27240.0,4891.025931835175,39,83.0,76.5979790687561
39,5,27240.0,4891.025931835175,40,120.83333333333331,87.96481414635976
40,6,13074.0,3147.394339323044,41,65.0,66.5979790687561
41,6,13074.0,3147.394339323044,42,55.625,53.412950456142426
42,6,13074.0,3147.394339323044,43,21.0,30.38477599620819
43,6,13074.0,3147.394339323044,44,50.5,54.28427076339722
44,6,13074.0,3147.394339323044,45,40.5,62.35533845424652
45,6,13074.0,3147.394339323044,46,34.5,63.85043219725291
46,6,13074.0,3147.394339323044,47,43.5,39.79898953437805
47,6,13074.0,3147.394339323044,48,12.0,30.313708305358887
48,6,13074.0,3147.394339323044,49,23.75,31.88477599620819
49,6,13074.0,3147.394339323044,50,33.5,57.251785069704056
50,6,13074.0,3147.394339323044,51,133.0,104.3614347577095
51,7,6935.5,1622.597102642059,52,46.0,39.97056245803833
52,8,9913.0,2368.1748723983765,64,102.33333333333331,85.84061968326569
53,8,9913.0,2368.1748723983765,53,45.5,47.69543614983559
54,8,9913.0,2368.1748723983765,54,55.5,60.21320307254791
55,8,9913.0,2368.1748723983765,55,48.0,69.76955199241638
56,8,9913.0,2368.1748723983765,56,58.5,74.01219260692596
57,8,9913.0,2368.1748723983765,57,31.5,39.041630148887634
58,8,9913.0,2368.1748723983765,58,214.33333333333331,145.15839219093323
59,8,9913.0,2368.1748723983765,59,331.5,197.4091612100601
60,8,9913.0,2368.1748723983765,60,29.0,42.79898953437805
61,8,9913.0,2368.1748723983765,61,304.0,171.02438521385193
62,8,9913.0,2368.1748723983765,62,153.0,116.3614347577095
63,8,9913.0,2368.1748723983765,63,153.0,116.3614347577095
64,9,1005.0,392.0904005765915,65,11.5,33.38477599620819
65,12,3754.0,1089.2173789739609,68,18.5,36.21320307254791
66,13,6005.0,1477.827550649643,69,16.25,33.88477599620819
67,14,506190.5,47119.56885075569,71,52.0,64.5979790687561
68,14,506190.5,47119.56885075569,72,22.5,36.21320307254791
69,14,506190.5,47119.56885075569,73,58.333333333333336,63.33164922396342
70,14,506190.5,47119.56885075569,74,57.0,60.11269783973694
71,14,506190.5,47119.56885075569,75,47.0,44.38477599620819
72,14,506190.5,47119.56885075569,76,25.5,35.79898953437805
73,14,506190.5,47119.56885075569,77,96.5,108.9827550649643
74,14,506190.5,47119.56885075569,78,48.5,74.35533845424652
75,14,506190.5,47119.56885075569,79,102.0,107.56854152679443
76,14,506190.5,47119.56885075569,80,35.5,47.041630148887634
77,14,506190.5,47119.56885075569,81,36.0,62.11269783973694
78,14,506190.5,47119.56885075569,82,39.0,49.62741661071777
79,14,506190.5,47119.56885075569,83,30.0,56.11269783973694
80,14,506190.5,47119.56885075569,84,107.0,120.74011445045473
81,14,506190.5,47119.56885075569,85,20.0,35.55634891986847
82,14,506190.5,47119.56885075569,86,25.0,36.79898953437805
83,14,506190.5,47119.56885075569,87,38.5,36.21320307254791
84,14,506190.5,47119.56885075569,88,21.5,34.97056245803833
85,14,506190.5,47119.56885075569,89,32.0,32.31370830535889
86,14,506190.5,47119.56885075569,90,34.5,33.38477599620819
87,14,506190.5,47119.56885075569,91,81.5,83.94112491607666
88,14,506190.5,47119.56885075569,92,39.5,34.55634891986847
89,14,506190.5,47119.56885075569,93,74.5,83.5979790687561
90,14,506190.5,47119.56885075569,94,38.0,37.17766922712326
91,14,506190.5,47119.56885075569,95,37.5,41.79898953437805
92,14,506190.5,47119.56885075569,96,33.0,33.14213538169861
93,14,506190.5,47119.56885075569,97,34.0,41.55634891986847
94,14,506190.5,47119.56885075569,98,34.0,31.97056245803833
95,14,506190.5,47119.56885075569,99,35.5,43.38477599620819
96,14,506190.5,47119.56885075569,100,197.5,126.63960921764374
97,14,506190.5,47119.56885075569,101,21.0,27.899494767189022
98,14,506190.5,47119.56885075569,102,114.0,124.0538227558136
99,14,506190.5,47119.56885075569,103,20.0,38.79898953437805
100,14,506190.5,47119.56885075569,104,6.0,29.14213538169861
101,14,506190.5,47119.56885075569,105,109.5,124.29646337032318
102,14,506190.5,47119.56885075569,106,23.0,33.97056245803833
103,14,506190.5,47119.56885075569,107,20.5,32.899494767189026
104,14,506190.5,47119.56885075569,108,133.0,80.5979790687561
105,14,506190.5,47119.56885075569,109,68.0,59.28427076339722
106,14,506190.5,47119.56885075569,110,60.0,67.28427076339722
107,14,506190.5,47119.56885075569,111,35.5,45.87005722522736
108,14,506190.5,47119.56885075569,112,258.5,164.4385987520218
109,14,506190.5,47119.56885075569,113,16.5,33.72792184352875
110,14,506190.5,47119.56885075569,114,258.5,164.4385987520218
111,14,506190.5,47119.56885075569,115,16.5,33.72792184352875
112,14,506190.5,47119.56885075569,116,16.0,26.656854152679443
113,14,506190.5,47119.56885075569,117,121.0,81.42640614509583
114,14,506190.5,47119.56885075569,118,60.5,55.87005722522736
115,14,506190.5,47119.56885075569,119,40.0,45.62741661071777
116,14,506190.5,47119.56885075569,120,101.5,66.35533845424652
117,14,506190.5,47119.56885075569,121,33.5,45.87005722522736
118,14,506190.5,47119.56885075569,122,30.5,42.21320307254791
119,14,506190.5,47119.56885075569,123,95.0,70.5979790687561
120,14,506190.5,47119.56885075569,124,32.0,37.21320307254791
121,14,506190.5,47119.56885075569,125,25.5,45.87005722522736
122,14,506190.5,47119.56885075569,126,84.0,64.18376553058624
123,14,506190.5,47119.56885075569,127,52.0,72.5979790687561
124,14,506190.5,47119.56885075569,128,13.5,30.55634891986847
125,14,506190.5,47119.56885075569,129,75.5,82.35533845424652
126,14,506190.5,47119.56885075569,130,63.0,46.11269783973694
127,14,506190.5,47119.56885075569,131,60.5,61.5269113779068
128,14,506190.5,47119.56885075569,132,24.0,39.97056245803833
129,14,506190.5,47119.56885075569,133,49.5,43.041630148887634
130,14,506190.5,47119.56885075569,134,38.5,35.38477599620819
131,14,506190.5,47119.56885075569,135,167.0,101.22539567947388
132,14,506190.5,47119.56885075569,136,32.5,30.97056245803833
133,14,506190.5,47119.56885075569,137,33.5,43.38477599620819
134,14,506190.5,47119.56885075569,138,178.0,124.46803629398346
135,14,506190.5,47119.56885075569,139,137.0,80.66904675960541
136,14,506190.5,47119.56885075569,140,84.5,87.01219260692596
137,14,506190.5,47119.56885075569,141,66.0,75.14823168516159
138,14,506190.5,47119.56885075569,142,33.5,41.38477599620819
139,14,506190.5,47119.56885075569,143,67.5,79.5269113779068
140,14,506190.5,47119.56885075569,144,41.0,36.79898953437805
141,14,506190.5,47119.56885075569,145,13.0,31.97056245803833
142,14,506190.5,47119.56885075569,146,14.0,34.79898953437805
143,14,506190.5,47119.56885075569,147,13.0,31.97056245803833
144,14,506190.5,47119.56885075569,148,14.0,34.79898953437805
145,14,506190.5,47119.56885075569,149,35.5,35.38477599620819
146,14,506190.5,47119.56885075569,150,12.0,29.55634891986847
147,14,506190.5,47119.56885075569,151,12.0,35.14213538169861
148,14,506190.5,47119.56885075569,152,12.0,29.55634891986847
149,14,506190.5,47119.56885075569,153,28.83333333333333,35.108633637428284
150,14,506190.5,47119.56885075569,154,40.0,33.14213538169861
151,14,506190.5,47119.56885075569,155,39.0,31.97056245803833
152,14,506190.5,47119.56885075569,156,41.5,43.455843687057495
153,14,506190.5,47119.56885075569,157,30.5,30.899494767189022
154,14,506190.5,47119.56885075569,158,33.5,37.38477599620819
155,14,506190.5,47119.56885075569,159,67.0,56.87005722522736
156,14,506190.5,47119.56885075569,160,27.5,33.72792184352875
157,14,506190.5,47119.56885075569,161,35.0,39.62741661071777
158,14,506190.5,47119.56885075569,162,64.5,56.28427076339722
159,14,506190.5,47119.56885075569,163,27.0,34.31370830535889
160,14,506190.5,47119.56885075569,164,34.0,37.62741661071777
161,14,506190.5,47119.56885075569,165,66.0,60.041630148887634
162,14,506190.5,47119.56885075569,166,23.5,34.55634891986847
163,14,506190.5,47119.56885075569,167,70.0,67.28427076339722
164,14,506190.5,47119.56885075569,168,32.5,44.62741661071777
165,14,506190.5,47119.56885075569,169,68.0,67.76955199241638
166,14,506190.5,47119.56885075569,170,7.0,34.72792184352875
167,14,506190.5,47119.56885075569,171,32.0,47.62741661071777
168,14,506190.5,47119.56885075569,172,6.5,31.727921843528748
169,14,506190.5,47119.56885075569,173,22.0,38.79898953437805
170,14,506190.5,47119.56885075569,174,26.5,30.97056245803833
171,14,506190.5,47119.56885075569,175,18.0,31.14213538169861
172,14,506190.5,47119.56885075569,176,29.0,36.79898953437805
173,14,506190.5,47119.56885075569,177,28.0,30.79898953437805
174,14,506190.5,47119.56885075569,178,20.0,29.97056245803833
175,14,506190.5,47119.56885075569,179,33.0,63.76955199241638
176,14,506190.5,47119.56885075569,180,27.0,36.79898953437805
177,14,506190.5,47119.56885075569,181,20.5,34.55634891986847
178,14,506190.5,47119.56885075569,182,28.0,36.79898953437805
179,14,506190.5,47119.56885075569,183,39.5,39.38477599620819
180,14,506190.5,47119.56885075569,184,16.5,41.041630148887634
181,14,506190.5,47119.56885075569,185,15.0,34.31370830535889
182,14,506190.5,47119.56885075569,186,28.0,36.79898953437805
183,14,506190.5,47119.56885075569,187,18.5,32.071067690849304
184,14,506190.5,47119.56885075569,188,51.5,66.35533845424652
185,14,506190.5,47119.56885075569,189,16.5,32.071067690849304
186,14,506190.5,47119.56885075569,190,44.75,46.92030984163284
187,14,506190.5,47119.56885075569,191,31.0,29.14213538169861
188,14,506190.5,47119.56885075569,192,46.5,60.69848430156708
189,14,506190.5,47119.56885075569,193,73.5,72.28427076339722
190,14,506190.5,47119.56885075569,194,12.0,39.97056245803833
191,14,506190.5,47119.56885075569,195,42.25,51.29898953437805
192,14,506190.5,47119.56885075569,196,61.0,77.76955199241638
193,14,506190.5,47119.56885075569,197,38.5,40.62741661071777
194,14,506190.5,47119.56885075569,198,28.5,40.55634891986847
195,14,506190.5,47119.56885075569,199,47.5,60.69848430156708
196,14,506190.5,47119.56885075569,200,12.5,29.727921843528748
197,14,506190.5,47119.56885075569,201,33.5,31.38477599620819
198,14,506190.5,47119.56885075569,202,24.0,39.97056245803833
199,14,506190.5,47119.56885075569,203,58.25,71.37005722522736
200,14,506190.5,47119.56885075569,204,67.5,86.35533845424652
201,14,506190.5,47119.56885075569,205,66.5,75.5269113779068
202,14,506190.5,47119.56885075569,206,16.0,33.14213538169861
203,14,506190.5,47119.56885075569,207,27.5,45.041630148887634
204,14,506190.5,47119.56885075569,208,66.0,79.42640614509583
205,14,506190.5,47119.56885075569,209,16.5,44.21320307254791
206,14,506190.5,47119.56885075569,210,73.5,66.62741661071777
207,14,506190.5,47119.56885075569,211,41.0,41.42030984163284
208,14,506190.5,47119.56885075569,212,24.0,29.97056245803833
209,14,506190.5,47119.56885075569,213,68.5,57.041630148887634
210,14,506190.5,47119.56885075569,214,66.5,52.69848430156708
211,14,506190.5,47119.56885075569,215,141.0,139.36753106117249
212,14,506190.5,47119.56885075569,216,32.25,33.09188276529312
213,14,506190.5,47119.56885075569,217,44.5,53.041630148887634
214,14,506190.5,47119.56885075569,218,47.5,72.28427076339722
215,14,506190.5,47119.56885075569,219,30.5,44.00609630346298
216,14,506190.5,47119.56885075569,220,25.0,43.38477599620819
217,14,506190.5,47119.56885075569,221,19.0,33.14213538169861
218,14,506190.5,47119.56885075569,222,30.0,40.38477599620819
219,14,506190.5,47119.56885075569,223,19.0,32.31370830535889
220,14,506190.5,47119.56885075569,224,58.0,47.28427076339722
221,14,506190.5,47119.56885075569,225,15.5,30.899494767189022
222,14,506190.5,47119.56885075569,226,52.0,62.11269783973694
223,14,506190.5,47119.56885075569,227,32.0,35.97056245803833
224,14,506190.5,47119.56885075569,228,33.0,52.79898953437805
225,14,506190.5,47119.56885075569,229,49.1,66.62741661071777
226,14,506190.5,47119.56885075569,230,61.0,70.87005722522736
227,14,506190.5,47119.56885075569,231,32.0,38.79898953437805
228,14,506190.5,47119.56885075569,232,48.5,48.62741661071777
229,14,506190.5,47119.56885075569,233,57.0,56.11269783973694
230,14,506190.5,47119.56885075569,234,74.375,53.28427076339722
231,14,506190.5,47119.56885075569,235,112.5,72.84061968326569
232,14,506190.5,47119.56885075569,236,26.0,31.14213538169861
233,14,506190.5,47119.56885075569,237,104.5,62.35533845424652
234,14,506190.5,47119.56885075569,238,65.5,61.455843687057495
235,14,506190.5,47119.56885075569,239,17.0,28.313708305358887
236,14,506190.5,47119.56885075569,240,106.0,68.94112491607666
237,14,506190.5,47119.56885075569,241,66.5,55.87005722522736
238,14,506190.5,47119.56885075569,242,82.5,67.18376553058624
239,14,506190.5,47119.56885075569,243,19.5,31.727921843528748
240,14,506190.5,47119.56885075569,244,73.5,57.5269113779068
241,14,506190.5,47119.56885075569,245,92.0,65.69848430156708
242,14,506190.5,47119.56885075569,246,19.0,29.485281229019165
243,14,506190.5,47119.56885075569,247,72.0,58.94112491607666
244,14,506190.5,47119.56885075569,248,83.5,64.69848430156708
245,14,506190.5,47119.56885075569,249,58.0,38.455843687057495
246,14,506190.5,47119.56885075569,250,99.0,66.11269783973694
247,14,506190.5,47119.56885075569,251,77.75,53.78427076339722
248,14,506190.5,47119.56885075569,252,91.0,72.94112491607666
249,14,506190.5,47119.56885075569,253,57.0,36.79898953437805
250,14,506190.5,47119.56885075569,254,38.5,39.38477599620819
251,14,506190.5,47119.56885075569,255,57.5,35.38477599620819
252,14,506190.5,47119.56885075569,256,65.75,51.12741661071777
253,14,506190.5,47119.56885075569,257,159.25,90.75483322143556
254,14,506190.5,47119.56885075569,258,107.0,80.71642522017162
255,14,506190.5,47119.56885075569,259,49.5,58.35533845424652
256,14,506190.5,47119.56885075569,260,26.0,31.97056245803833
257,14,506190.5,47119.56885075569,261,59.4,67.90437180995941
258,14,506190.5,47119.56885075569,262,61.0,70.87005722522736
259,14,506190.5,47119.56885075569,263,68.6875,53.11637753248215
260,14,506190.5,47119.56885075569,264,90.0,57.28427076339722
261,14,506190.5,47119.56885075569,265,56.5,48.21320307254791
262,14,506190.5,47119.56885075569,266,112.5,72.84061968326569
263,14,506190.5,47119.56885075569,267,56.5,49.455843687057495
264,14,506190.5,47119.56885075569,268,104.5,62.35533845424652
265,14,506190.5,47119.56885075569,269,126.25,80.30508583784103
266,15,15752.5,2978.1912409067154,270,39.5,67.5269113779068
267,15,15752.5,2978.1912409067154,271,37.125,53.01650384068489
268,15,15752.5,2978.1912409067154,272,55.5,57.38477599620819
269,15,15752.5,2978.1912409067154,273,12.0,27.899494767189022
270,15,15752.5,2978.1912409067154,274,35.5,29.727921843528748
271,15,15752.5,2978.1912409067154,275,18.0,37.97056245803833
272,15,15752.5,2978.1912409067154,276,23.5,30.55634891986847
273,15,15752.5,2978.1912409067154,277,58.5,55.87005722522736
274,15,15752.5,2978.1912409067154,278,50.4,59.60142805576324
275,15,15752.5,2978.1912409067154,279,32.0,45.79898953437805
276,15,15752.5,2978.1912409067154,280,34.5,55.5269113779068
277,15,15752.5,2978.1912409067154,281,34.0,33.97056245803833
278,15,15752.5,2978.1912409067154,282,29.27777777777778,35.43079972267151
279,17,142024.0,18224.37580549717,285,13.0,28.727921843528748
280,17,142024.0,18224.37580549717,286,30.0,49.62741661071777
281,17,142024.0,18224.37580549717,287,24.75,38.12741661071777
282,17,142024.0,18224.37580549717,288,28.0,36.455843687057495
283,17,142024.0,18224.37580549717,289,29.25,46.334523379802704
284,17,142024.0,18224.37580549717,290,55.25,56.541630148887634
285,17,142024.0,18224.37580549717,291,75.5,72.76955199241638
286,17,142024.0,18224.37580549717,292,19.0,41.21320307254791
287,17,142024.0,18224.37580549717,293,37.0,45.79898953437805
288,17,142024.0,18224.37580549717,294,23.5,31.727921843528748
289,17,142024.0,18224.37580549717,295,28.125,38.77386322617531
290,17,142024.0,18224.37580549717,296,16.5,34.21320307254791
291,17,142024.0,18224.37580549717,297,20.0,35.62741661071777
292,17,142024.0,18224.37580549717,298,16.5,36.55634891986847
293,17,142024.0,18224.37580549717,299,18.5,33.38477599620819
294,17,142024.0,18224.37580549717,300,27.5,31.727921843528748
295,17,142024.0,18224.37580549717,301,46.0,51.662950456142426
296,17,142024.0,18224.37580549717,302,35.333333333333336,42.9133714834849
297,17,142024.0,18224.37580549717,303,46.75,37.43502861261368
298,17,142024.0,18224.37580549717,304,48.75,52.748736917972565
299,17,142024.0,18224.37580549717,305,44.66666666666666,48.570225636164345
300,17,142024.0,18224.37580549717,306,27.0,37.97056245803833
301,17,142024.0,18224.37580549717,307,29.0,44.87005722522736
302,17,142024.0,18224.37580549717,308,33.5,35.041630148887634
303,17,142024.0,18224.37580549717,309,57.5,71.94112491607666
304,17,142024.0,18224.37580549717,310,31.25,38.59188276529312
305,17,142024.0,18224.37580549717,311,49.25,59.99137753248215
306,17,142024.0,18224.37580549717,312,53.5,86.01219260692596
307,17,142024.0,18224.37580549717,313,42.0,73.5269113779068
308,17,142024.0,18224.37580549717,314,27.0,44.430122355620064
309,17,142024.0,18224.37580549717,315,30.75,46.162950456142426
310,17,142024.0,18224.37580549717,316,33.5,49.5269113779068
311,17,142024.0,18224.37580549717,317,30.166666666666668,44.99425168832144
312,17,142024.0,18224.37580549717,318,27.25,37.2634556889534
313,17,142024.0,18224.37580549717,319,23.0,35.34924215078354
314,20,3578.5,997.9625457525252,323,57.5,45.87005722522736
315,20,3578.5,997.9625457525252,324,191.0,111.08326029777528
316,20,3578.5,997.9625457525252,325,418.5,212.5807341337204
317,20,3578.5,997.9625457525252,326,47.5,44.62741661071777
318,20,3578.5,997.9625457525252,327,56.5,55.87005722522736
319,20,3578.5,997.9625457525252,328,211.5,133.46803629398346
320,20,3578.5,997.9625457525252,329,37.0,46.38477599620819
321,20,3578.5,997.9625457525252,330,147.5,118.15432798862456
322,20,3578.5,997.9625457525252,331,207.5,133.88224983215332
323,20,3578.5,997.9625457525252,332,57.0,54.455843687057495
324,20,3578.5,997.9625457525252,333,204.0,131.29646337032318
325,20,3578.5,997.9625457525252,334,128.5,89.04163014888763
326,20,3578.5,997.9625457525252,335,41.5,45.38477599620819
327,20,3578.5,997.9625457525252,336,211.0,132.1248904466629
328,20,3578.5,997.9625457525252,337,132.0,103.15432798862456
329,20,3578.5,997.9625457525252,338,147.5,109.25483322143556
330,20,3578.5,997.9625457525252,339,163.25,97.54772645235062
331,20,3578.5,997.9625457525252,340,133.5,103.6690467596054
332,20,3578.5,997.9625457525252,341,84.0,43.97056245803833
333,20,3578.5,997.9625457525252,342,180.0,106.25483322143556
334,20,3578.5,997.9625457525252,343,130.5,105.32590091228484
335,20,3578.5,997.9625457525252,344,174.75,151.0035701394081
336,20,3578.5,997.9625457525252,345,174.75,151.0035701394081
337,20,3578.5,997.9625457525252,346,162.75,127.10407537221909
338,20,3578.5,997.9625457525252,347,140.0,107.56854152679443
339,20,3578.5,997.9625457525252,348,314.25,191.6665205955505
340,21,4839.0,1349.0529463291168,352,52.625,49.06675645709038
341,21,4839.0,1349.0529463291168,353,55.0,37.97056245803833
342,21,4839.0,1349.0529463291168,354,42.25,38.88477599620819
343,21,4839.0,1349.0529463291168,355,63.0,56.455843687057495
344,21,4839.0,1349.0529463291168,356,29.0,54.455843687057495
345,21,4839.0,1349.0529463291168,357,58.5,55.455843687057495
346,21,4839.0,1349.0529463291168,358,27.0,54.87005722522736
347,21,4839.0,1349.0529463291168,359,50.5,53.041630148887634
348,21,4839.0,1349.0529463291168,360,27.0,50.455843687057495
349,21,4839.0,1349.0529463291168,361,43.333333333333336,64.66498255729675
350,21,4839.0,1349.0529463291168,349,32.0,49.28427076339722
351,21,4839.0,1349.0529463291168,350,22.0,38.455843687057495
352,21,4839.0,1349.0529463291168,351,29.25,39.50609630346298
353,22,2801.5,1063.538227558136,362,50.5,66.69848430156708
354,22,2801.5,1063.538227558136,363,43.25,48.748736917972565
355,22,2801.5,1063.538227558136,364,27.25,32.84924215078354
356,22,2801.5,1063.538227558136,365,18.666666666666668,35.051442662874855
357,24,2494.0,743.8254626989365,368,40.7,35.907820796966554
358,24,2494.0,743.8254626989365,369,24.0,32.408465226491295
359,25,2996.0,894.1513636112213,370,28.0,47.21320307254791
360,25,2996.0,894.1513636112213,371,19.5,36.7634556889534
361,25,2996.0,894.1513636112213,372,33.333333333333336,43.18951384226481
362,26,8977.0,2356.41037273407,376,13.25,33.67766922712326
363,26,8977.0,2356.41037273407,377,15.5,38.21320307254791
364,26,8977.0,2356.41037273407,374,11.5,40.55634891986847
365,26,8977.0,2356.41037273407,375,16.5,35.38477599620819
366,27,26898.5,4442.618858575821,384,76.0,50.455843687057495
367,27,26898.5,4442.618858575821,385,40.5,52.69848430156708
368,27,26898.5,4442.618858575821,386,77.5,50.69848430156708
369,27,26898.5,4442.618858575821,387,90.7,66.8180801153183
370,27,26898.5,4442.618858575821,388,44.8,52.00142805576324
371,27,26898.5,4442.618858575821,389,24.5,35.041630148887634
372,27,26898.5,4442.618858575821,390,48.5,71.18376553058624
373,27,26898.5,4442.618858575821,391,29.0,28.313708305358887
374,27,26898.5,4442.618858575821,392,21.0,29.14213538169861
375,27,26898.5,4442.618858575821,393,36.25,61.0269113779068
376,27,26898.5,4442.618858575821,394,38.5,42.21320307254791
377,27,26898.5,4442.618858575821,395,39.5,28.899494767189022
378,27,26898.5,4442.618858575821,396,31.25,38.59188276529312
379,27,26898.5,4442.618858575821,397,28.75,36.09188276529312
380,27,26898.5,4442.618858575821,398,31.5,35.7634556889534
381,27,26898.5,4442.618858575821,378,64.0,41.7634556889534
382,27,26898.5,4442.618858575821,379,55.0,44.38477599620819
383,27,26898.5,4442.618858575821,380,66.5,41.38477599620819
384,27,26898.5,4442.618858575821,381,41.0,39.14213538169861
385,27,26898.5,4442.618858575821,382,73.5,54.69848430156708
386,27,26898.5,4442.618858575821,383,39.5,34.14213538169861
387,28,14093.5,3056.5242820978165,399,108.5,96.42640614509584
388,28,14093.5,3056.5242820978165,400,63.25,53.40559107065201
389,28,14093.5,3056.5242820978165,401,32.0,54.11269783973694
390,28,14093.5,3056.5242820978165,402,71.0,77.35533845424652
391,28,14093.5,3056.5242820978165,403,22.0,48.87005722522736
392,28,14093.5,3056.5242820978165,404,34.5,47.041630148887634
393,28,14093.5,3056.5242820978165,405,41.5,58.49137753248215
394,28,14093.5,3056.5242820978165,406,50.75,53.99137753248215
395,28,14093.5,3056.5242820978165,407,35.5,38.55634891986847
396,28,14093.5,3056.5242820978165,408,19.0,29.97056245803833
397,28,14093.5,3056.5242820978165,409,25.5,34.55634891986847
398,28,14093.5,3056.5242820978165,410,69.75,71.89087229967117
399,29,52119.0,6312.645331740379,411,247.3,135.993519616127
400,29,52119.0,6312.645331740379,412,112.0,73.35533845424652
401,29,52119.0,6312.645331740379,413,27.25,41.67766922712326
402,30,2811.0,871.8326029777527,416,35.333333333333336,43.37496348222097
403,30,2811.0,871.8326029777527,417,44.5,64.5979790687561
404,30,2811.0,871.8326029777527,418,35.5,35.38477599620819
405,30,2811.0,871.8326029777527,419,26.5,32.59188276529312
406,30,2811.0,871.8326029777527,414,43.0,49.73096999526024
407,30,2811.0,871.8326029777527,415,17.0,29.485281229019165
408,31,8149.5,2055.2459400892258,420,31.625,38.63477599620819
409,31,8149.5,2055.2459400892258,421,53.5,60.28427076339722
410,31,8149.5,2055.2459400892258,422,28.0,38.79898953437805
411,31,8149.5,2055.2459400892258,423,47.5,49.79898953437805
412,31,8149.5,2055.2459400892258,424,34.5,40.79898953437805
413,31,8149.5,2055.2459400892258,425,47.0,41.97056245803833
414,31,8149.5,2055.2459400892258,426,32.75,52.162950456142426
415,32,27232.0,3838.460354685784,428,30.0,34.14213538169861
416,32,27232.0,3838.460354685784,429,28.5,32.16582461198171
417,32,27232.0,3838.460354685784,430,27.5,31.38477599620819
418,32,27232.0,3838.460354685784,431,26.25,48.541630148887634
419,33,2140.0,650.7716399431229,432,60.25,60.85533845424652
420,34,607.0,271.52185904979706,434,67.9,65.15533845424652
421,35,7513.5,2308.537351131439,435,48.0,45.21320307254791
422,36,30095.5,6772.526705145836,436,20.0,29.14213538169861
423,36,30095.5,6772.526705145836,437,21.0,37.14213538169861
424,36,30095.5,6772.526705145836,438,13.0,32.31370830535889
425,36,30095.5,6772.526705145836,439,37.0,44.79898953437805
426,36,30095.5,6772.526705145836,440,18.5,29.313708305358887
427,36,30095.5,6772.526705145836,441,30.5,49.87005722522736
428,36,30095.5,6772.526705145836,442,21.5,32.97056245803833
429,36,30095.5,6772.526705145836,443,104.0,122.39696860313416
430,36,30095.5,6772.526705145836,444,17.5,31.727921843528748
431,36,30095.5,6772.526705145836,445,65.25,78.64823168516159
432,36,30095.5,6772.526705145836,446,45.0,74.94112491607666
433,36,30095.5,6772.526705145836,447,61.5,77.94112491607666
434,36,30095.5,6772.526705145836,448,24.25,36.2634556889534
435,36,30095.5,6772.526705145836,449,34.5,53.834523379802704
436,36,30095.5,6772.526705145836,450,45.0,74.94112491607666
437,36,30095.5,6772.526705145836,451,44.5,51.5269113779068
438,36,30095.5,6772.526705145836,452,61.5,77.94112491607666
439,36,30095.5,6772.526705145836,453,48.5,49.87005722522736
440,36,30095.5,6772.526705145836,454,36.5,41.17766922712326
441,36,30095.5,6772.526705145836,455,65.5,66.35533845424652
442,36,30095.5,6772.526705145836,456,36.0,46.38477599620819
443,36,30095.5,6772.526705145836,457,51.4,65.47838325500489
444,36,30095.5,6772.526705145836,458,25.5,37.79898953437805
445,36,30095.5,6772.526705145836,459,24.0,45.28427076339722
446,36,30095.5,6772.526705145836,460,24.5,32.55634891986847
447,36,30095.5,6772.526705145836,461,24.0,45.28427076339722
448,36,30095.5,6772.526705145836,462,24.5,32.55634891986847
449,36,30095.5,6772.526705145836,463,48.5,44.69848430156708
450,36,30095.5,6772.526705145836,464,26.25,39.29898953437805
451,36,30095.5,6772.526705145836,465,29.5,32.051442662874855
452,36,30095.5,6772.526705145836,466,26.7,35.19310202598572
453,36,30095.5,6772.526705145836,467,24.5,32.62741661071777
454,36,30095.5,6772.526705145836,468,32.625,45.06675645709038
455,36,30095.5,6772.526705145836,469,25.25,36.05634891986847
456,38,13383.5,2355.069314837456,480,43.833333333333336,53.84636799494425
457,38,13383.5,2355.069314837456,471,14.0,29.97056245803833
458,38,13383.5,2355.069314837456,472,36.0,59.76955199241638
459,38,13383.5,2355.069314837456,473,11.5,30.071067690849304
460,38,13383.5,2355.069314837456,474,36.0,58.11269783973694
461,38,13383.5,2355.069314837456,475,29.666666666666668,46.76548779010773
462,38,13383.5,2355.069314837456,476,27.5,31.38477599620819
463,38,13383.5,2355.069314837456,477,41.0,44.79898953437805
464,38,13383.5,2355.069314837456,478,28.5,31.79898953437805
465,38,13383.5,2355.069314837456,479,54.0,59.28427076339722
466,39,4133.5,1030.3473217487335,481,35.666666666666664,37.58003815015157
467,41,1258.5,559.8721451759338,483,59.0,49.62741661071777
468,41,1258.5,559.8721451759338,484,38.8,44.178888487815854
469,42,200.0,107.911687374115,485,25.0,38.79898953437805
470,43,8448.0,2117.393127799034,486,25.0,27.071067690849304
471,43,8448.0,2117.393127799034,487,46.0,35.97056245803833
472,43,8448.0,2117.393127799034,488,48.0,60.455843687057495
473,43,8448.0,2117.393127799034,489,25.5,43.38477599620819
474,43,8448.0,2117.393127799034,490,55.0,60.455843687057495
475,43,8448.0,2117.393127799034,491,19.0,35.97056245803833
476,43,8448.0,2117.393127799034,492,36.5,53.662950456142426
477,43,8448.0,2117.393127799034,493,23.5,34.55634891986847
478,43,8448.0,2117.393127799034,494,60.5,73.94112491607666
479,43,8448.0,2117.393127799034,495,14.0,28.313708305358887
480,43,8448.0,2117.393127799034,496,80.0,60.041630148887634
481,43,8448.0,2117.393127799034,497,14.0,28.313708305358887
482,43,8448.0,2117.393127799034,498,40.0,59.69848430156708
483,43,8448.0,2117.393127799034,499,9.0,32.79898953437805
484,43,8448.0,2117.393127799034,500,15.0,32.38477599620819
485,43,8448.0,2117.393127799034,501,12.0,35.34924215078354
486,44,4799.0,1182.5432798862455,502,25.83333333333333,43.79898953437805
487,45,2353.0,691.7127648591995,503,22.666666666666668,33.83249127864838
488,46,53141.0,7241.083054065704,512,46.0,44.40254291892052
489,46,53141.0,7241.083054065704,513,27.25,36.43502861261368
490,46,53141.0,7241.083054065704,504,29.75,30.43502861261368
491,46,53141.0,7241.083054065704,505,25.33333333333333,40.408465226491295
492,46,53141.0,7241.083054065704,506,42.5,52.87005722522736
493,46,53141.0,7241.083054065704,507,28.666666666666668,43.33942963679632
494,46,53141.0,7241.083054065704,508,26.5,41.00609630346298
495,46,53141.0,7241.083054065704,509,16.5,35.72792184352875
496,46,53141.0,7241.083054065704,510,23.666666666666668,40.54653640588125
497,46,53141.0,7241.083054065704,511,14.0,31.14213538169861
498,47,4686.0,1187.413337111473,514,38.75,43.248736917972565
499,49,15785.0,3246.502861261368,517,51.0,49.28427076339722
500,49,15785.0,3246.502861261368,518,20.5,31.38477599620819
501,49,15785.0,3246.502861261368,519,21.4,37.50193328857422
502,50,200.0,107.911687374115,520,25.0,38.79898953437805
503,51,2971.5,1144.8103057146072,521,31.0,44.27039404710134
504,52,2919.5,924.0214208364488,522,6.5,29.727921843528748
505,54,416.0,209.9655101299286,525,99.75,98.37615352869034
506,54,416.0,209.9655101299286,526,145.5,158.78174459934235
507,54,416.0,209.9655101299286,527,142.66666666666666,122.12082624435423
508,56,71301.5,9815.623369574549,530,22.75,33.05634891986847
509,56,71301.5,9815.623369574549,531,30.75,35.2634556889534
510,56,71301.5,9815.623369574549,532,49.25,50.35229030251503
511,56,71301.5,9815.623369574549,533,38.0,45.21320307254791
512,56,71301.5,9815.623369574549,534,30.5,41.00609630346298
513,56,71301.5,9815.623369574549,535,92.5,62.69848430156708
514,56,71301.5,9815.623369574549,536,28.0,39.21320307254791
515,56,71301.5,9815.623369574549,537,84.5,60.69848430156708
516,56,71301.5,9815.623369574549,538,51.0,85.2192993760109
517,56,71301.5,9815.623369574549,539,29.0,53.28427076339722
518,56,71301.5,9815.623369574549,540,37.5,50.69848430156708
519,56,71301.5,9815.623369574549,541,55.0,56.11269783973694
520,56,71301.5,9815.623369574549,542,43.25,43.92030984163284
521,56,71301.5,9815.623369574549,543,34.25,49.162950456142426
522,56,71301.5,9815.623369574549,544,20.75,38.50609630346298
523,56,71301.5,9815.623369574549,545,58.0,64.18376553058624
524,56,71301.5,9815.623369574549,546,13.0,27.485281229019165
525,56,71301.5,9815.623369574549,547,53.0,57.35533845424652
526,56,71301.5,9815.623369574549,548,21.0,33.14213538169861
527,56,71301.5,9815.623369574549,549,21.0,31.97056245803833
528,56,71301.5,9815.623369574549,550,19.5,46.97056245803833
529,56,71301.5,9815.623369574549,551,38.0,38.79898953437805
530,56,71301.5,9815.623369574549,552,14.5,36.97056245803833
531,56,71301.5,9815.623369574549,553,23.0,37.14213538169861
532,56,71301.5,9815.623369574549,554,37.5,39.38477599620819
533,56,71301.5,9815.623369574549,555,26.5,33.72792184352875
534,56,71301.5,9815.623369574549,556,72.0,102.32590091228484
535,56,71301.5,9815.623369574549,557,43.0,59.21320307254791
536,56,71301.5,9815.623369574549,558,31.5,45.87005722522736
537,56,71301.5,9815.623369574549,559,23.0,27.485281229019165
538,56,71301.5,9815.623369574549,560,76.4,97.1092488527298
539,57,4426.5,1231.1706964969635,561,49.0,52.455843687057495
540,57,4426.5,1231.1706964969635,562,43.0,48.455843687057495
541,57,4426.5,1231.1706964969635,563,22.0,31.34924215078354
542,57,4426.5,1231.1706964969635,564,35.75,41.577163994312286
543,59,26193.0,4726.895989060402,566,26.0,31.97056245803833
544,59,26193.0,4726.895989060402,567,26.0,34.17766922712326
545,59,26193.0,4726.895989060402,568,25.75,36.67766922712326
546,59,26193.0,4726.895989060402,569,34.5,58.49137753248215
547,59,26193.0,4726.895989060402,570,39.5,71.11269783973694
548,59,26193.0,4726.895989060402,571,10.5,49.38477599620819
549,59,26193.0,4726.895989060402,572,33.0,29.485281229019165
550,59,26193.0,4726.895989060402,573,17.0,41.62741661071777
551,59,26193.0,4726.895989060402,574,17.5,52.21320307254791
552,59,26193.0,4726.895989060402,575,359.0,229.30865597724917
553,59,26193.0,4726.895989060402,576,39.75,38.67766922712326
554,59,26193.0,4726.895989060402,577,44.0,47.14213538169861
555,59,26193.0,4726.895989060402,578,261.5,127.81118214130402
556,59,26193.0,4726.895989060402,579,37.5,44.55634891986847
557,59,26193.0,4726.895989060402,580,25.0,43.14213538169861
558,59,26193.0,4726.895989060402,581,256.5,126.15432798862456
559,59,26193.0,4726.895989060402,582,24.5,36.14213538169861
560,59,26193.0,4726.895989060402,583,24.5,36.89949476718903
561,59,26193.0,4726.895989060402,584,21.25,32.43502861261368
562,59,26193.0,4726.895989060402,585,17.0,32.14213538169861
563,59,26193.0,4726.895989060402,586,11.5,30.14213538169861
564,59,26193.0,4726.895989060402,587,19.0,32.79898953437805
565,59,26193.0,4726.895989060402,588,53.0,80.11269783973694
566,59,26193.0,4726.895989060402,589,18.5,42.79898953437805
567,60,19323.0,3562.2227663993835,592,28.25,43.09188276529312
568,60,19323.0,3562.2227663993835,590,17.0,28.313708305358887
569,60,19323.0,3562.2227663993835,591,20.0,31.14213538169861
570,61,6839.0,1652.3565499782562,593,40.0,54.455843687057495
571,61,6839.0,1652.3565499782562,594,37.0,56.455843687057495
572,61,6839.0,1652.3565499782562,595,38.75,45.21320307254791
573,61,6839.0,1652.3565499782562,596,22.5,42.71810932954153
574,61,6839.0,1652.3565499782562,597,17.5,32.21320307254791
575,61,6839.0,1652.3565499782562,598,45.333333333333336,34.77530030409495
576,62,8653.0,1864.770763516426,600,22.0,35.97056245803833
577,62,8653.0,1864.770763516426,599,17.0,48.94112491607666
578,63,1250.0,351.1198381185532,601,60.833333333333336,49.27039404710134
579,64,17123.0,3242.2673609256744,603,45.0,38.9133714834849
580,64,17123.0,3242.2673609256744,604,31.0,33.34924215078354
581,65,8871.0,2533.6134711503983,608,29.5,36.17766922712326
582,65,8871.0,2533.6134711503983,609,40.375,37.238329380750656
583,65,8871.0,2533.6134711503983,610,38.5,29.727921843528748
584,65,8871.0,2533.6134711503983,611,22.5,32.14213538169861
585,65,8871.0,2533.6134711503983,612,24.25,30.05634891986847
586,65,8871.0,2533.6134711503983,606,21.25,31.84924215078354
587,65,8871.0,2533.6134711503983,607,31.0,38.041630148887634
588,66,9546.5,2360.334252715111,616,30.75,38.50609630346298
589,66,9546.5,2360.334252715111,614,40.5,57.11269783973694
590,66,9546.5,2360.334252715111,615,12.5,29.727921843528748
591,67,9710.5,2651.963757276535,640,56.0,43.97056245803833
592,67,9710.5,2651.963757276535,641,105.5,98.63960921764374
593,67,9710.5,2651.963757276535,642,55.5,43.38477599620819
594,67,9710.5,2651.963757276535,643,102.5,65.5269113779068
595,67,9710.5,2651.963757276535,644,59.5,57.5269113779068
596,67,9710.5,2651.963757276535,645,141.5,92.15432798862456
597,67,9710.5,2651.963757276535,646,106.375,71.41599860787392
598,67,9710.5,2651.963757276535,617,18.0,31.53265968958537
599,67,9710.5,2651.963757276535,618,18.0,35.97056245803833
600,67,9710.5,2651.963757276535,619,45.0,35.97056245803833
601,67,9710.5,2651.963757276535,620,27.5,32.55634891986847
602,67,9710.5,2651.963757276535,621,24.0,30.727921843528748
603,67,9710.5,2651.963757276535,622,45.0,37.97056245803833
604,67,9710.5,2651.963757276535,623,23.5,32.55634891986847
605,67,9710.5,2651.963757276535,624,22.25,34.29898953437805
606,67,9710.5,2651.963757276535,625,21.5,33.38477599620819
607,67,9710.5,2651.963757276535,626,124.0,137.71067690849304
608,67,9710.5,2651.963757276535,627,22.75,34.67766922712326
609,67,9710.5,2651.963757276535,628,24.5,29.727921843528748
610,67,9710.5,2651.963757276535,629,124.0,137.71067690849304
611,67,9710.5,2651.963757276535,630,25.83333333333333,41.96074994405111
612,67,9710.5,2651.963757276535,631,38.5,68.69848430156708
613,67,9710.5,2651.963757276535,632,13.5,30.071067690849304
614,67,9710.5,2651.963757276535,633,217.5,230.0365778207779
615,67,9710.5,2651.963757276535,634,20.0,32.79898953437805
616,67,9710.5,2651.963757276535,635,235.5,248.8650048971176
617,67,9710.5,2651.963757276535,636,68.0,75.69848430156708
618,67,9710.5,2651.963757276535,637,204.5,167.2670258283615
619,67,9710.5,2651.963757276535,638,46.0,38.38477599620819
620,67,9710.5,2651.963757276535,639,133.5,93.32590091228484
621,68,3487.5,942.8620405197144,648,24.0,33.38477599620819
622,68,3487.5,942.8620405197144,649,22.5,38.21320307254791
623,68,3487.5,942.8620405197144,650,12.5,32.25651733080546
624,70,217.5,89.01219260692596,652,11.75,30.47056245803833
625,71,125.0,72.28427076339722,653,34.5,49.84636799494425
626,74,3080.0,926.4478269815444,657,32.0,38.79898953437805
627,74,3080.0,926.4478269815444,658,26.0,45.28427076339722
628,74,3080.0,926.4478269815444,659,52.5,62.35533845424652
629,74,3080.0,926.4478269815444,660,17.5,29.727921843528748
630,74,3080.0,926.4478269815444,661,45.5,47.041630148887634
631,74,3080.0,926.4478269815444,662,70.66666666666667,72.73605024814606
632,75,3665.5,907.2640614509584,664,31.375,49.03427076339722
633,76,7594.0,1878.618523478508,665,153.75,98.358386605978
634,77,1846.5,519.1025931835175,666,25.5,41.70423261324565
635,77,1846.5,519.1025931835175,667,12.25,35.81370830535889
636,78,15060.0,2887.9170747995377,668,35.333333333333336,42.01794091860453
637,79,2736.0,757.8965303897858,672,56.0,63.28427076339722
638,79,2736.0,757.8965303897858,670,31.0,45.62741661071777
639,79,2736.0,757.8965303897858,671,27.0,31.14213538169861
640,80,6310.5,1799.4814404249191,674,32.5,42.79898953437805
641,80,6310.5,1799.4814404249191,675,42.5,52.62741661071777
642,80,6310.5,1799.4814404249191,676,39.0,50.662950456142426
643,80,6310.5,1799.4814404249191,677,51.5,63.11269783973694
644,80,6310.5,1799.4814404249191,678,39.0,42.79898953437805
645,80,6310.5,1799.4814404249191,679,34.0,64.94112491607666
646,80,6310.5,1799.4814404249191,680,70.5,55.041630148887634
647,80,6310.5,1799.4814404249191,681,40.0,48.041630148887634
648,80,6310.5,1799.4814404249191,682,66.5,56.28427076339722
649,80,6310.5,1799.4814404249191,683,103.33333333333331,89.40474901596706
650,80,6310.5,1799.4814404249191,684,102.0,109.56854152679443
651,80,6310.5,1799.4814404249191,685,19.0,29.14213538169861
652,80,6310.5,1799.4814404249191,686,62.5,58.31980460882187
653,81,415.0,136.0538227558136,687,58.0,41.62741661071777
654,82,256781.0,30804.240062832832,688,19.5,43.79898953437805
655,82,256781.0,30804.240062832832,689,31.0,45.97056245803833
656,82,256781.0,30804.240062832832,690,28.5,33.041630148887634
657,82,256781.0,30804.240062832832,691,29.0,30.313708305358887
658,82,256781.0,30804.240062832832,692,29.0,29.485281229019165
659,82,256781.0,30804.240062832832,693,70.5,77.18376553058624
660,82,256781.0,30804.240062832832,694,77.0,75.18376553058624
661,82,256781.0,30804.240062832832,695,39.5,50.21320307254791
662,82,256781.0,30804.240062832832,696,152.5,178.02438521385193
663,82,256781.0,30804.240062832832,697,24.75,32.02081507444382
664,82,256781.0,30804.240062832832,698,28.0,43.21320307254791
665,82,256781.0,30804.240062832832,699,62.0,105.22539567947388
666,82,256781.0,30804.240062832832,700,6.5,33.38477599620819
667,82,256781.0,30804.240062832832,701,16.25,46.162950456142426
668,82,256781.0,30804.240062832832,702,32.25,43.71320307254791
669,82,256781.0,30804.240062832832,703,38.0,39.97056245803833
670,82,256781.0,30804.240062832832,704,62.5,104.15432798862456
671,82,256781.0,30804.240062832832,705,30.0,34.31370830535889
672,82,256781.0,30804.240062832832,706,24.5,29.313708305358887
673,82,256781.0,30804.240062832832,707,18.5,29.727921843528748
674,82,256781.0,30804.240062832832,708,34.0,44.79898953437805
675,82,256781.0,30804.240062832832,709,24.0,28.313708305358887
676,82,256781.0,30804.240062832832,710,20.0,39.14213538169861
677,82,256781.0,30804.240062832832,711,37.0,62.455843687057495
678,82,256781.0,30804.240062832832,712,73.5,55.5269113779068
679,82,256781.0,30804.240062832832,713,30.5,33.31370830535889
680,82,256781.0,30804.240062832832,714,31.5,37.38477599620819
681,82,256781.0,30804.240062832832,715,77.5,60.69848430156708
682,82,256781.0,30804.240062832832,716,23.0,28.313708305358887
683,82,256781.0,30804.240062832832,717,31.5,32.55634891986847
684,82,256781.0,30804.240062832832,718,111.5,100.01219260692596
685,82,256781.0,30804.240062832832,719,42.0,36.72792184352875
686,82,256781.0,30804.240062832832,720,79.5,95.39696860313416
687,82,256781.0,30804.240062832832,721,42.0,36.72792184352875
688,82,256781.0,30804.240062832832,722,21.0,31.55634891986847
689,82,256781.0,30804.240062832832,723,27.5,37.38477599620819
690,82,256781.0,30804.240062832832,724,103.5,93.25483322143556
691,82,256781.0,30804.240062832832,725,40.0,35.97056245803833
692,82,256781.0,30804.240062832832,726,81.0,97.08326029777528
693,82,256781.0,30804.240062832832,727,40.0,35.97056245803833
694,82,256781.0,30804.240062832832,728,81.0,97.08326029777528
695,82,256781.0,30804.240062832832,729,27.5,31.38477599620819
696,82,256781.0,30804.240062832832,730,21.5,30.55634891986847
697,82,256781.0,30804.240062832832,731,184.5,177.68123936653137
698,82,256781.0,30804.240062832832,732,32.0,52.455843687057495
699,82,256781.0,30804.240062832832,733,24.0,29.97056245803833
700,82,256781.0,30804.240062832832,734,51.0,58.11269783973694
701,82,256781.0,30804.240062832832,735,33.0,41.97056245803833
702,82,256781.0,30804.240062832832,736,21.0,41.62741661071777
703,82,256781.0,30804.240062832832,737,25.0,30.79898953437805
704,82,256781.0,30804.240062832832,738,152.5,178.02438521385193
705,82,256781.0,30804.240062832832,739,33.0,31.97056245803833
706,82,256781.0,30804.240062832832,740,22.5,47.87005722522736
707,82,256781.0,30804.240062832832,741,79.0,107.08326029777528
708,82,256781.0,30804.240062832832,742,21.0,40.455843687057495
709,82,256781.0,30804.240062832832,743,54.5,77.18376553058624
710,82,256781.0,30804.240062832832,744,38.0,39.97056245803833
711,82,256781.0,30804.240062832832,745,29.5,43.041630148887634
712,82,256781.0,30804.240062832832,746,34.5,37.72792184352875
713,82,256781.0,30804.240062832832,747,17.0,31.627416610717773
714,82,256781.0,30804.240062832832,748,145.0,129.71067690849304
715,82,256781.0,30804.240062832832,749,25.5,40.55634891986847
716,82,256781.0,30804.240062832832,750,191.5,176.09545290470123
717,82,256781.0,30804.240062832832,751,29.0,39.97056245803833
718,82,256781.0,30804.240062832832,752,184.0,177.5096664428711
719,82,256781.0,30804.240062832832,753,145.0,134.88224983215332
720,82,256781.0,30804.240062832832,754,21.0,34.72792184352875
721,82,256781.0,30804.240062832832,755,20.0,50.87005722522736
722,82,256781.0,30804.240062832832,756,207.5,166.99494767189026
723,82,256781.0,30804.240062832832,757,147.0,109.911687374115
724,82,256781.0,30804.240062832832,758,24.0,33.55634891986847
725,82,256781.0,30804.240062832832,759,22.5,40.62741661071777
726,82,256781.0,30804.240062832832,760,277.5,278.2497808933258
727,82,256781.0,30804.240062832832,761,170.0,151.02438521385193
728,82,256781.0,30804.240062832832,762,20.5,33.72792184352875
729,82,256781.0,30804.240062832832,763,214.0,202.48022890090945
730,82,256781.0,30804.240062832832,764,107.0,89.08326029777527
731,82,256781.0,30804.240062832832,765,168.5,138.71067690849304
732,82,256781.0,30804.240062832832,766,22.5,37.72792184352875
733,82,256781.0,30804.240062832832,767,247.5,238.0365778207779
734,82,256781.0,30804.240062832832,768,111.0,83.42640614509583
735,82,256781.0,30804.240062832832,769,163.0,122.88224983215332
736,82,256781.0,30804.240062832832,770,50.5,64.69848430156708
737,82,256781.0,30804.240062832832,771,168.0,115.56854152679443
738,82,256781.0,30804.240062832832,772,41.0,52.11269783973694
739,82,256781.0,30804.240062832832,773,89.0,122.46803629398346
740,82,256781.0,30804.240062832832,774,266.0,235.7939372062683
741,82,256781.0,30804.240062832832,775,24.5,38.21320307254791
742,82,256781.0,30804.240062832832,776,135.5,125.46803629398346
743,82,256781.0,30804.240062832832,777,292.5,244.8650048971176
744,82,256781.0,30804.240062832832,778,24.5,32.55634891986847
745,82,256781.0,30804.240062832832,779,292.5,244.8650048971176
746,82,256781.0,30804.240062832832,780,123.0,102.74011445045473
747,82,256781.0,30804.240062832832,781,313.5,227.0660153627396
748,82,256781.0,30804.240062832832,782,143.5,170.92387998104095
749,82,256781.0,30804.240062832832,783,313.5,227.0660153627396
750,82,256781.0,30804.240062832832,784,143.5,170.92387998104095
751,82,256781.0,30804.240062832832,785,331.0,210.48022890090945
752,82,256781.0,30804.240062832832,786,350.5,280.5929267406464
753,82,256781.0,30804.240062832832,787,85.5,87.18376553058624
754,82,256781.0,30804.240062832832,788,343.0,255.52185904979703
755,82,256781.0,30804.240062832832,789,70.5,58.69848430156708
756,82,256781.0,30804.240062832832,790,68.0,58.87005722522736
757,82,256781.0,30804.240062832832,791,136.5,142.71067690849304
758,82,256781.0,30804.240062832832,792,77.0,73.76955199241638
759,82,256781.0,30804.240062832832,793,129.5,163.33809351921082
760,82,256781.0,30804.240062832832,794,125.5,117.81118214130402
761,82,256781.0,30804.240062832832,795,60.0,76.25483322143555
762,82,256781.0,30804.240062832832,796,43.0,50.455843687057495
763,82,256781.0,30804.240062832832,797,149.0,146.1959581375122
764,82,256781.0,30804.240062832832,798,61.0,75.76955199241638
765,82,256781.0,30804.240062832832,799,42.5,52.21320307254791
766,82,256781.0,30804.240062832832,800,117.5,96.15432798862456
767,82,256781.0,30804.240062832832,801,63.0,75.42640614509583
768,82,256781.0,30804.240062832832,802,47.0,52.455843687057495
769,82,256781.0,30804.240062832832,803,44.0,48.455843687057495
770,82,256781.0,30804.240062832832,804,25.5,35.38477599620819
771,82,256781.0,30804.240062832832,805,39.5,52.62741661071777
772,82,256781.0,30804.240062832832,806,213.0,173.99494767189026
773,82,256781.0,30804.240062832832,807,67.0,79.01219260692596
774,82,256781.0,30804.240062832832,808,26.0,38.79898953437805
775,82,256781.0,30804.240062832832,809,36.0,50.79898953437805
776,82,256781.0,30804.240062832832,810,181.0,141.85281229019165
777,82,256781.0,30804.240062832832,811,28.0,46.455843687057495
778,82,256781.0,30804.240062832832,812,26.0,36.79898953437805
779,82,256781.0,30804.240062832832,813,24.5,37.79898953437805
780,82,256781.0,30804.240062832832,814,205.5,203.3380935192108
781,82,256781.0,30804.240062832832,815,70.0,101.08326029777528
782,82,256781.0,30804.240062832832,816,193.5,198.99494767189023
783,82,256781.0,30804.240062832832,817,18.5,31.38477599620819
784,82,256781.0,30804.240062832832,818,47.5,50.69848430156708
785,82,256781.0,30804.240062832832,819,412.0,418.1614682674408
786,82,256781.0,30804.240062832832,820,14.5,31.727921843528748
787,82,256781.0,30804.240062832832,821,412.0,418.1614682674408
788,82,256781.0,30804.240062832832,822,91.5,100.84061968326569
789,82,256781.0,30804.240062832832,823,339.0,345.04877042770386
790,82,256781.0,30804.240062832832,824,71.0,98.25483322143556
791,82,256781.0,30804.240062832832,825,39.5,34.55634891986847
792,82,256781.0,30804.240062832832,826,18.0,36.79898953437805
793,82,256781.0,30804.240062832832,827,306.0,259.7939372062683
794,82,256781.0,30804.240062832832,828,248.0,199.99494767189023
795,82,256781.0,30804.240062832832,829,305.0,330.5634891986847
796,82,256781.0,30804.240062832832,830,170.5,144.71067690849304
797,82,256781.0,30804.240062832832,831,305.0,330.5634891986847
798,82,256781.0,30804.240062832832,832,170.5,144.71067690849304
799,82,256781.0,30804.240062832832,833,25.0,37.97056245803833
800,82,256781.0,30804.240062832832,834,138.0,146.53910398483276
801,82,256781.0,30804.240062832832,835,211.5,142.29646337032318
802,82,256781.0,30804.240062832832,836,48.5,40.55634891986847
803,82,256781.0,30804.240062832832,837,41.5,57.041630148887634
804,82,256781.0,30804.240062832832,838,26.5,43.38477599620819
805,82,256781.0,30804.240062832832,839,58.5,52.62741661071777
806,82,256781.0,30804.240062832832,840,50.0,62.11269783973694
807,82,256781.0,30804.240062832832,841,64.0,82.5979790687561
808,82,256781.0,30804.240062832832,842,38.5,42.21320307254791
809,82,256781.0,30804.240062832832,843,234.0,180.68123936653137
810,82,256781.0,30804.240062832832,844,48.0,38.31370830535889
811,82,256781.0,30804.240062832832,845,54.5,55.87005722522736
812,82,256781.0,30804.240062832832,846,25.5,53.041630148887634
813,82,256781.0,30804.240062832832,847,55.0,49.97056245803833
814,82,256781.0,30804.240062832832,848,39.0,64.94112491607666
815,82,256781.0,30804.240062832832,849,17.5,31.727921843528748
816,82,256781.0,30804.240062832832,850,117.0,141.71067690849304
817,82,256781.0,30804.240062832832,851,131.5,118.15432798862456
818,82,256781.0,30804.240062832832,852,77.5,59.87005722522736
819,82,256781.0,30804.240062832832,853,26.5,36.21320307254791
820,82,256781.0,30804.240062832832,854,75.0,107.08326029777528
821,82,256781.0,30804.240062832832,855,15.0,29.14213538169861
822,82,256781.0,30804.240062832832,856,6.0,31.55634891986847
823,82,256781.0,30804.240062832832,857,58.5,68.69848430156708
824,82,256781.0,30804.240062832832,858,114.0,82.5979790687561
825,82,256781.0,30804.240062832832,859,55.0,100.25483322143556
826,82,256781.0,30804.240062832832,860,40.0,73.76955199241638
827,82,256781.0,30804.240062832832,861,75.5,94.08326029777528
828,82,256781.0,30804.240062832832,862,41.5,81.18376553058624
829,82,256781.0,30804.240062832832,863,66.0,60.5269113779068
830,82,256781.0,30804.240062832832,864,31.0,60.455843687057495
831,82,256781.0,30804.240062832832,865,28.0,43.21320307254791
832,82,256781.0,30804.240062832832,866,35.0,52.87005722522736
833,82,256781.0,30804.240062832832,867,10.5,30.55634891986847
834,82,256781.0,30804.240062832832,868,18.5,33.72792184352875
835,82,256781.0,30804.240062832832,869,207.5,166.99494767189026
836,82,256781.0,30804.240062832832,870,192.25,183.6665205955505
837,82,256781.0,30804.240062832832,871,160.5,145.78174459934235
838,82,256781.0,30804.240062832832,872,162.5,142.95331752300262
839,82,256781.0,30804.240062832832,873,179.25,160.73149198293686
840,82,256781.0,30804.240062832832,874,247.5,238.0365778207779
841,82,256781.0,30804.240062832832,875,68.5,80.84061968326569
842,82,256781.0,30804.240062832832,876,144.5,87.66904675960541
843,82,256781.0,30804.240062832832,877,92.0,98.11879414319992
844,82,256781.0,30804.240062832832,878,63.25,53.162950456142426
845,82,256781.0,30804.240062832832,879,148.75,134.1751430630684
846,82,256781.0,30804.240062832832,880,200.75,180.63098675012589
847,82,256781.0,30804.240062832832,881,135.5,125.46803629398346
848,82,256781.0,30804.240062832832,882,160.75,138.83199721574783
849,82,256781.0,30804.240062832832,883,207.75,173.80255967378616
850,82,256781.0,30804.240062832832,884,123.0,102.74011445045473
851,82,256781.0,30804.240062832832,885,29.5,33.38477599620819
852,82,256781.0,30804.240062832832,886,169.25,135.9325024485588
853,82,256781.0,30804.240062832832,887,228.5,198.99494767189023
854,82,256781.0,30804.240062832832,888,143.5,170.92387998104095
855,82,256781.0,30804.240062832832,889,18.5,33.38477599620819
856,82,256781.0,30804.240062832832,890,24.0,35.14213538169861
857,82,256781.0,30804.240062832832,891,331.0,210.48022890090945
858,82,256781.0,30804.240062832832,892,63.0,85.08326029777527
859,82,256781.0,30804.240062832832,893,350.5,280.5929267406464
860,82,256781.0,30804.240062832832,894,85.5,87.18376553058624
861,82,256781.0,30804.240062832832,895,20.5,31.38477599620819
862,82,256781.0,30804.240062832832,896,343.0,255.52185904979703
863,82,256781.0,30804.240062832832,897,136.5,142.71067690849304
864,82,256781.0,30804.240062832832,898,9.5,32.97056245803833
865,82,256781.0,30804.240062832832,899,129.5,163.33809351921082
866,82,256781.0,30804.240062832832,900,125.5,117.81118214130402
867,82,256781.0,30804.240062832832,901,43.0,50.455843687057495
868,82,256781.0,30804.240062832832,902,60.0,76.25483322143555
869,82,256781.0,30804.240062832832,903,149.0,146.1959581375122
870,82,256781.0,30804.240062832832,904,42.5,52.21320307254791
871,82,256781.0,30804.240062832832,905,61.0,75.76955199241638
872,82,256781.0,30804.240062832832,906,205.5,203.3380935192108
873,82,256781.0,30804.240062832832,907,37.5,34.55634891986847
874,82,256781.0,30804.240062832832,908,70.0,101.08326029777528
875,82,256781.0,30804.240062832832,909,193.5,198.99494767189023
876,82,256781.0,30804.240062832832,910,33.5,34.55634891986847
877,82,256781.0,30804.240062832832,911,29.0,56.79898953437805
878,82,256781.0,30804.240062832832,912,412.0,418.1614682674408
879,82,256781.0,30804.240062832832,913,39.0,29.14213538169861
880,82,256781.0,30804.240062832832,914,91.5,100.84061968326569
881,82,256781.0,30804.240062832832,915,55.0,101.76955199241638
882,82,256781.0,30804.240062832832,916,35.5,59.455843687057495
883,82,256781.0,30804.240062832832,917,42.0,53.21320307254791
884,82,256781.0,30804.240062832832,918,48.5,31.727921843528748
885,82,256781.0,30804.240062832832,919,41.0,53.62741661071777
886,82,256781.0,30804.240062832832,920,97.5,121.39696860313416
887,82,256781.0,30804.240062832832,921,46.0,39.55634891986847
888,82,256781.0,30804.240062832832,922,40.5,59.041630148887634
889,82,256781.0,30804.240062832832,923,40.5,41.87005722522736
890,82,256781.0,30804.240062832832,924,52.0,39.97056245803833
891,82,256781.0,30804.240062832832,925,49.0,64.11269783973694
892,82,256781.0,30804.240062832832,926,38.0,41.62741661071777
893,82,256781.0,30804.240062832832,927,43.5,40.21320307254791
894,82,256781.0,30804.240062832832,928,56.5,63.5269113779068
895,82,256781.0,30804.240062832832,929,36.0,41.62741661071777
896,82,256781.0,30804.240062832832,930,35.0,39.62741661071777
897,82,256781.0,30804.240062832832,931,58.5,64.35533845424652
898,82,256781.0,30804.240062832832,932,26.0,35.97056245803833
899,82,256781.0,30804.240062832832,933,84.0,129.29646337032318
900,82,256781.0,30804.240062832832,934,21.0,37.97056245803833
901,82,256781.0,30804.240062832832,935,78.0,109.911687374115
902,82,256781.0,30804.240062832832,936,180.5,188.92387998104093
903,82,256781.0,30804.240062832832,937,37.0,64.94112491607666
904,82,256781.0,30804.240062832832,938,50.0,64.94112491607666
905,82,256781.0,30804.240062832832,939,123.0,134.88224983215332
906,82,256781.0,30804.240062832832,940,25.0,42.79898953437805
907,82,256781.0,30804.240062832832,941,46.5,61.87005722522736
908,82,256781.0,30804.240062832832,942,209.5,125.0538227558136
909,82,256781.0,30804.240062832832,943,17.0,30.313708305358887
910,82,256781.0,30804.240062832832,944,45.0,62.94112491607666
911,82,256781.0,30804.240062832832,945,215.5,137.0538227558136
912,82,256781.0,30804.240062832832,946,248.75,187.0096664428711
913,82,256781.0,30804.240062832832,947,181.5,122.77564829587936
914,82,256781.0,30804.240062832832,948,255.0,113.56854152679443
915,82,256781.0,30804.240062832832,949,76.0,115.56854152679443
916,82,256781.0,30804.240062832832,950,45.0,51.69848430156708
917,82,256781.0,30804.240062832832,951,62.0,109.911687374115
918,82,256781.0,30804.240062832832,952,101.0,100.74011445045473
919,82,256781.0,30804.240062832832,953,93.0,112.32590091228484
920,82,256781.0,30804.240062832832,954,33.0,32.79898953437805
921,82,256781.0,30804.240062832832,955,86.0,122.39696860313416
922,82,256781.0,30804.240062832832,956,32.5,44.21320307254791
923,82,256781.0,30804.240062832832,957,69.0,80.94112491607666
924,82,256781.0,30804.240062832832,958,69.5,90.01219260692596
925,82,256781.0,30804.240062832832,959,23.0,48.11269783973694
926,82,256781.0,30804.240062832832,960,66.5,77.5269113779068
927,82,256781.0,30804.240062832832,961,66.0,106.6690467596054
928,82,256781.0,30804.240062832832,962,41.0,42.041630148887634
929,82,256781.0,30804.240062832832,963,111.0,116.39696860313416
930,82,256781.0,30804.240062832832,964,17.0,33.485281229019165
931,82,256781.0,30804.240062832832,965,114.0,115.56854152679443
932,82,256781.0,30804.240062832832,966,15.0,34.31370830535889
933,82,256781.0,30804.240062832832,967,53.5,47.041630148887634
934,82,256781.0,30804.240062832832,968,62.0,87.91168737411499
935,82,256781.0,30804.240062832832,969,179.0,130.1959581375122
936,82,256781.0,30804.240062832832,970,46.5,44.21320307254791
937,82,256781.0,30804.240062832832,971,67.5,78.84061968326569
938,82,256781.0,30804.240062832832,972,141.5,96.15432798862456
939,82,256781.0,30804.240062832832,973,100.5,79.18376553058624
940,82,256781.0,30804.240062832832,974,137.0,99.08326029777528
941,82,256781.0,30804.240062832832,975,100.0,80.94112491607666
942,82,256781.0,30804.240062832832,976,11.0,37.97056245803833
943,82,256781.0,30804.240062832832,977,121.5,97.87615352869034
944,82,256781.0,30804.240062832832,978,49.0,56.87005722522736
945,82,256781.0,30804.240062832832,979,40.0,56.11269783973694
946,82,256781.0,30804.240062832832,980,28.0,47.21320307254791
947,82,256781.0,30804.240062832832,981,54.0,98.25483322143556
948,82,256781.0,30804.240062832832,982,48.0,89.08326029777527
949,82,256781.0,30804.240062832832,983,71.5,78.42640614509583
950,82,256781.0,30804.240062832832,984,35.25,35.88477599620819
951,82,256781.0,30804.240062832832,985,55.5,44.21320307254791
952,82,256781.0,30804.240062832832,986,36.5,46.62741661071777
953,82,256781.0,30804.240062832832,987,95.5,87.66904675960541
954,82,256781.0,30804.240062832832,988,60.5,57.041630148887634
955,82,256781.0,30804.240062832832,989,36.5,42.55634891986847
956,82,256781.0,30804.240062832832,990,84.0,89.49747383594513
957,82,256781.0,30804.240062832832,991,65.5,104.15432798862456
958,82,256781.0,30804.240062832832,992,28.0,42.79898953437805
959,82,256781.0,30804.240062832832,993,26.25,40.09188276529312
960,82,256781.0,30804.240062832832,994,31.5,32.55634891986847
961,82,256781.0,30804.240062832832,995,84.5,80.76955199241638
962,82,256781.0,30804.240062832832,996,30.5,41.38477599620819
963,82,256781.0,30804.240062832832,997,87.0,71.28427076339722
964,82,256781.0,30804.240062832832,998,29.0,47.62741661071777
965,82,256781.0,30804.240062832832,999,76.0,66.11269783973694
966,82,256781.0,30804.240062832832,1000,25.5,47.38477599620819
967,82,256781.0,30804.240062832832,1001,131.0,134.39696860313416
968,82,256781.0,30804.240062832832,1002,30.0,39.14213538169861
969,82,256781.0,30804.240062832832,1003,145.0,129.71067690849304
970,82,256781.0,30804.240062832832,1004,207.5,166.99494767189026
971,82,256781.0,30804.240062832832,1005,27.5,33.72792184352875
972,82,256781.0,30804.240062832832,1006,277.5,278.2497808933258
973,82,256781.0,30804.240062832832,1007,37.5,51.87005722522736
974,82,256781.0,30804.240062832832,1008,17.0,33.55634891986847
975,82,256781.0,30804.240062832832,1009,63.0,85.08326029777527
976,82,256781.0,30804.240062832832,1010,44.5,68.01219260692596
977,82,256781.0,30804.240062832832,1011,20.5,31.38477599620819
978,82,256781.0,30804.240062832832,1012,41.5,51.041630148887634
979,82,256781.0,30804.240062832832,1013,61.0,75.76955199241638
980,82,256781.0,30804.240062832832,1014,26.5,36.21320307254791
981,82,256781.0,30804.240062832832,1015,142.5,153.61017167568207
982,82,256781.0,30804.240062832832,1016,65.0,80.01219260692596
983,82,256781.0,30804.240062832832,1017,89.5,100.56854152679443
984,82,256781.0,30804.240062832832,1018,23.0,32.79898953437805
985,82,256781.0,30804.240062832832,1019,50.0,62.11269783973694
986,82,256781.0,30804.240062832832,1020,36.0,44.79898953437805
987,82,256781.0,30804.240062832832,1021,122.0,109.911687374115
988,82,256781.0,30804.240062832832,1022,173.75,151.07463783025742
989,82,256781.0,30804.240062832832,1023,230.5,160.4385987520218
990,82,256781.0,30804.240062832832,1024,117.0,141.71067690849304
991,82,256781.0,30804.240062832832,1025,16.0,35.58003815015157
992,83,6327.5,1553.3666546344757,1026,27.1,40.11614682674408
993,84,4100.0,1057.2173789739609,1027,6.5,35.38477599620819
994,84,4100.0,1057.2173789739609,1028,46.85714285714285,60.51675885064261
995,84,4100.0,1057.2173789739609,1029,16.0,29.14213538169861
996,85,13934.5,2513.29976284504,1031,46.0,52.455843687057495
997,85,13934.5,2513.29976284504,1032,38.5,31.38477599620819
998,85,13934.5,2513.29976284504,1033,54.0,52.041630148887634
999,85,13934.5,2513.29976284504,1034,48.333333333333336,51.236892302831016
1000,85,13934.5,2513.29976284504,1035,34.0,42.38477599620819
1001,85,13934.5,2513.29976284504,1036,53.0,39.62741661071777
1002,85,13934.5,2513.29976284504,1037,34.0,44.455843687057495
1003,85,13934.5,2513.29976284504,1038,45.0,33.55634891986847
1004,85,13934.5,2513.29976284504,1039,35.5,42.307872995734215
1005,85,13934.5,2513.29976284504,1040,84.83333333333333,79.18376553058624
1006,85,13934.5,2513.29976284504,1041,153.5,127.63960921764374
1007,85,13934.5,2513.29976284504,1042,135.0,114.22539567947388
1008,85,13934.5,2513.29976284504,1043,87.0,59.28427076339722
1009,85,13934.5,2513.29976284504,1044,106.5,98.15432798862456
1010,86,5901.5,1680.8540238142014,1046,48.1,69.44406867027283
1011,86,5901.5,1680.8540238142014,1047,112.5,152.29646337032318
1012,86,5901.5,1680.8540238142014,1048,53.5,42.21320307254791
1013,86,5901.5,1680.8540238142014,1049,28.0,37.97056245803833
1014,86,5901.5,1680.8540238142014,1050,52.0,41.62741661071777
1015,86,5901.5,1680.8540238142014,1051,41.75,53.162950456142426
1016,86,5901.5,1680.8540238142014,1052,46.5,46.21320307254791
1017,86,5901.5,1680.8540238142014,1053,24.0,41.62741661071777
1018,86,5901.5,1680.8540238142014,1054,83.5,93.18376553058624
1019,86,5901.5,1680.8540238142014,1055,55.0,52.11269783973694
1020,86,5901.5,1680.8540238142014,1056,92.0,86.66904675960541
1021,86,5901.5,1680.8540238142014,1057,75.5,51.5269113779068
1022,86,5901.5,1680.8540238142014,1058,256.0,186.3380935192108
1023,86,5901.5,1680.8540238142014,1059,71.5,57.041630148887634
1024,86,5901.5,1680.8540238142014,1060,245.5,190.5807341337204
1025,86,5901.5,1680.8540238142014,1061,41.25,56.748736917972565
1026,86,5901.5,1680.8540238142014,1062,24.0,35.14213538169861
1027,86,5901.5,1680.8540238142014,1063,75.0,70.5979790687561
1028,86,5901.5,1680.8540238142014,1064,58.75,48.748736917972565
1029,86,5901.5,1680.8540238142014,1065,66.25,65.23401814699173
1030,86,5901.5,1680.8540238142014,1066,66.25,65.23401814699173
1031,87,6631.5,1698.9494767189026,1067,53.5,65.68867178757985
1032,88,346.0,135.71067690849304,1068,32.25,41.50609630346298
1033,89,18732.0,3974.214749693871,1069,33.6,40.60487704277038
1034,89,18732.0,3974.214749693871,1070,16.6,36.97644996643066
1035,89,18732.0,3974.214749693871,1071,9.5,33.72792184352875
1036,89,18732.0,3974.214749693871,1072,9.0,27.485281229019165
1037,89,18732.0,3974.214749693871,1073,6.0,30.692387998104092
1038,90,9377.5,1622.3149198293686,1074,14.0,30.727921843528748
1039,91,3976.5,1291.4965974092484,1076,58.0,64.94112491607666
1040,91,3976.5,1291.4965974092484,1077,13.0,42.87005722522736
1041,91,3976.5,1291.4965974092484,1078,63.25,74.89087229967117
1042,91,3976.5,1291.4965974092484,1079,35.0,46.11269783973694
1043,91,3976.5,1291.4965974092484,1080,67.0,56.455843687057495
1044,91,3976.5,1291.4965974092484,1081,32.75,39.79898953437805
1045,93,16411.0,3634.6125947237015,1083,32.25,51.748736917972565
1046,93,16411.0,3634.6125947237015,1084,33.5,52.69848430156708
1047,93,16411.0,3634.6125947237015,1085,19.0,39.97056245803833
1048,93,16411.0,3634.6125947237015,1086,23.0,46.79898953437805
1049,93,16411.0,3634.6125947237015,1087,29.0,56.11269783973694
1050,93,16411.0,3634.6125947237015,1088,39.5,49.041630148887634
1051,93,16411.0,3634.6125947237015,1089,62.0,105.22539567947388
1052,93,16411.0,3634.6125947237015,1090,25.0,34.79898953437805
1053,93,16411.0,3634.6125947237015,1091,110.0,124.0538227558136
1054,93,16411.0,3634.6125947237015,1092,14.5,42.69848430156708
1055,93,16411.0,3634.6125947237015,1093,101.0,89.56854152679443
1056,93,16411.0,3634.6125947237015,1094,17.0,38.79898953437805
1057,93,16411.0,3634.6125947237015,1095,36.66666666666666,54.06531937917074
1058,93,16411.0,3634.6125947237015,1096,17.0,28.313708305358887
1059,93,16411.0,3634.6125947237015,1097,19.0,29.14213538169861
1060,93,16411.0,3634.6125947237015,1098,39.0,47.62741661071777
1061,93,16411.0,3634.6125947237015,1099,12.5,29.727921843528748
1062,93,16411.0,3634.6125947237015,1100,33.166666666666664,38.946873227755226
1063,93,16411.0,3634.6125947237015,1101,34.5,35.72792184352875
1064,93,16411.0,3634.6125947237015,1102,14.0,31.14213538169861
1065,93,16411.0,3634.6125947237015,1103,27.5,34.62741661071777
1066,93,16411.0,3634.6125947237015,1104,24.0,62.455843687057495
1067,93,16411.0,3634.6125947237015,1105,23.0,34.79898953437805
1068,93,16411.0,3634.6125947237015,1106,23.5,48.62741661071777
1069,93,16411.0,3634.6125947237015,1107,19.5,35.79898953437805
1070,93,16411.0,3634.6125947237015,1108,17.5,32.899494767189026
1071,93,16411.0,3634.6125947237015,1109,65.0,93.08326029777528
1072,93,16411.0,3634.6125947237015,1110,17.0,30.313708305358887
1073,93,16411.0,3634.6125947237015,1111,42.5,54.69848430156708
1074,93,16411.0,3634.6125947237015,1112,27.5,33.72792184352875
1075,93,16411.0,3634.6125947237015,1113,28.0,36.79898953437805
1076,93,16411.0,3634.6125947237015,1114,37.5,51.87005722522736
1077,93,16411.0,3634.6125947237015,1115,26.0,36.79898953437805
1078,93,16411.0,3634.6125947237015,1116,214.0,202.48022890090945
1079,93,16411.0,3634.6125947237015,1117,247.5,238.0365778207779
1080,93,16411.0,3634.6125947237015,1118,84.0,101.08326029777528
1081,93,16411.0,3634.6125947237015,1119,44.5,60.42234194278717
1082,93,16411.0,3634.6125947237015,1120,28.25,49.334523379802704
1083,93,16411.0,3634.6125947237015,1121,50.5,66.07919609546661
1084,94,61522.5,9438.662035346031,1152,34.5,37.72792184352875
1085,94,61522.5,9438.662035346031,1153,29.0,29.97056245803833
1086,94,61522.5,9438.662035346031,1154,51.5,45.041630148887634
1087,94,61522.5,9438.662035346031,1155,27.75,32.43502861261368
1088,94,61522.5,9438.662035346031,1156,14.5,32.55634891986847
1089,94,61522.5,9438.662035346031,1157,72.0,62.455843687057495
1090,94,61522.5,9438.662035346031,1158,30.5,46.21320307254791
1091,94,61522.5,9438.662035346031,1159,29.5,53.87005722522736
1092,94,61522.5,9438.662035346031,1160,65.5,64.69848430156708
1093,94,61522.5,9438.662035346031,1161,27.75,37.67766922712326
1094,94,61522.5,9438.662035346031,1162,35.25,43.29898953437805
1095,94,61522.5,9438.662035346031,1163,27.5,40.55634891986847
1096,94,61522.5,9438.662035346031,1164,34.75,51.162950456142426
1097,94,61522.5,9438.662035346031,1165,37.25,40.334523379802704
1098,94,61522.5,9438.662035346031,1166,15.0,28.313708305358887
1099,94,61522.5,9438.662035346031,1167,25.5,35.38477599620819
1100,94,61522.5,9438.662035346031,1168,25.5,31.38477599620819
1101,94,61522.5,9438.662035346031,1169,34.5,39.59188276529312
1102,94,61522.5,9438.662035346031,1123,103.25,86.54772645235062
1103,94,61522.5,9438.662035346031,1124,168.0,115.22539567947388
1104,94,61522.5,9438.662035346031,1125,41.5,59.11269783973694
1105,94,61522.5,9438.662035346031,1126,203.0,77.01219260692596
1106,94,61522.5,9438.662035346031,1127,45.5,57.455843687057495
1107,94,61522.5,9438.662035346031,1128,154.5,83.66904675960541
1108,94,61522.5,9438.662035346031,1129,175.0,104.53300768136978
1109,94,61522.5,9438.662035346031,1130,359.0,229.30865597724917
1110,94,61522.5,9438.662035346031,1131,11.5,31.727921843528748
1111,94,61522.5,9438.662035346031,1132,203.5,94.49747383594512
1112,94,61522.5,9438.662035346031,1133,13.0,33.55634891986847
1113,94,61522.5,9438.662035346031,1134,249.5,107.6690467596054
1114,94,61522.5,9438.662035346031,1135,202.125,87.81549337506294
1115,94,61522.5,9438.662035346031,1136,256.5,126.15432798862456
1116,94,61522.5,9438.662035346031,1137,37.0,37.62741661071777
1117,94,61522.5,9438.662035346031,1138,181.5,122.29646337032318
1118,94,61522.5,9438.662035346031,1139,36.5,38.21320307254791
1119,94,61522.5,9438.662035346031,1140,72.0,59.5269113779068
1120,94,61522.5,9438.662035346031,1141,38.833333333333336,34.74179855982462
1121,94,61522.5,9438.662035346031,1142,33.0,31.55634891986847
1122,94,61522.5,9438.662035346031,1143,21.0,44.21320307254791
1123,94,61522.5,9438.662035346031,1144,16.5,49.79898953437805
1124,94,61522.5,9438.662035346031,1145,25.0,33.97056245803833
1125,94,61522.5,9438.662035346031,1146,14.5,28.485281229019165
1126,94,61522.5,9438.662035346031,1147,66.0,54.455843687057495
1127,94,61522.5,9438.662035346031,1148,22.5,34.55634891986847
1128,94,61522.5,9438.662035346031,1149,22.0,31.97056245803833
1129,94,61522.5,9438.662035346031,1150,70.5,55.041630148887634
1130,94,61522.5,9438.662035346031,1151,63.5,72.76955199241638
1131,96,894.0,409.1198381185532,1171,35.333333333333336,40.54653640588125
1132,97,46415.0,6535.821080565453,1172,39.0,40.00609630346298
1133,97,46415.0,6535.821080565453,1173,24.0,38.21320307254791
1134,97,46415.0,6535.821080565453,1174,21.5,32.55634891986847
1135,97,46415.0,6535.821080565453,1175,48.125,43.85964968800545
1136,97,46415.0,6535.821080565453,1176,51.5,32.14213538169861
1137,97,46415.0,6535.821080565453,1177,35.125,44.94543614983559
1138,97,46415.0,6535.821080565453,1178,27.83333333333333,36.44196697076162
1139,97,46415.0,6535.821080565453,1179,30.5,37.38477599620819
1140,97,46415.0,6535.821080565453,1180,16.5,28.899494767189022
1141,97,46415.0,6535.821080565453,1181,32.25,32.239766458670296
1142,100,11224.0,2162.334252715111,1184,50.5,39.38477599620819
1143,100,11224.0,2162.334252715111,1185,20.5,30.899494767189022
1144,100,11224.0,2162.334252715111,1186,28.5,43.77868447984968
1145,100,11224.0,2162.334252715111,1187,39.0,42.17766922712326
