,ncm_ind,volume_raw,volume,perimeter_raw,perimeter,dist_from_center,dist_mean,contact_area,contact_area_mean,contact_area_extended_pore,contact_area_extended_ncm,concated_pore_number
0,0,"[22256.0, 135.5]",22391.5,"[4305.4359694719315, 73.35533845424652]",4378.791307926178,"[[323.21045775160184, 324.4456811239749, 323.484157262763, 324.7214190656354, 325.0, 325.0, 323.64950177622705, 323.64950177622705, 324.6074552440224, 324.89536777245684, 324.89536777245684, 324.89536777245684, 324.89536777245684, 323.93826572357887, 323.93826572357887, 326.1426068455331, 325.85272747055535, 327.099373279742, 327.099373279742, 328.34737702622203, 328.34737702622203, 329.59672328468315, 329.59672328468315, 330.84739684634064, 331.14498335321343, 332.0993827154757, 332.3988567970714, 333.35266610603253, 333.35266610603253, 333.35266610603253, 334.3067453701765, 334.6072324382723, 340.28223579846184, 340.58919536591293, 341.23452345857385, 340.93107807883985], [322.981423614424, 322.981423614424]]","[329.0502246270905, 322.981423614424]",2410.1903015375137,70.88795004522099,3260.301337003708,5820.59480547905,79
1,1,[2092.0],2092.0,[664.7127648591995],664.7127648591995,"[[451.12415142619, 451.12415142619, 450.15552867870014, 450.15552867870014, 450.15552867870014, 450.15552867870014, 450.15552867870014, 450.15552867870014, 450.15552867870014, 450.15552867870014, 450.15552867870014, 449.9077683259092, 448.9387486060877, 447.96986505790767]]",[450.0331744964704],360.5336581468582,25.752404153347015,546.4978168010712,1165.887465596199,12
2,2,[4535.5],4535.5,[1059.2712017297745],1059.2712017297745,"[[807.3078718803627, 807.3078718803627, 811.6711156620026, 811.6711156620026, 811.6711156620026, 811.6711156620026, 811.0394565001138, 811.0394565001138, 810.2641544582852, 810.2641544582852, 811.0394565001138, 810.4085389481037, 811.0394565001138, 811.184935757562, 487.8780585351221, 811.184935757562, 811.184935757562]]",[791.6369262400985],84.17620468139648,28.058734893798828,114.25003743171692,234.1826287508011,1
3,3,[3287.5],3287.5,[1007.3056915998459],1007.3056915998459,"[[323.24603632527345, 322.2623155133098, 322.2623155133098, 321.27869521647403, 321.27869521647403, 321.27869521647403, 321.27869521647403, 321.27869521647403, 321.27869521647403, 320.2951763608063, 320.2951763608063, 320.2951763608063, 320.11560411826224, 318.14776441144454, 317.9701243827791, 316.1803282938393, 316.1803282938393]]",[320.2895598372541],57.63183808326721,4.802653173605601,106.7814211845398,209.10153019428253,6
4,4,[16673.0],16673.0,[3750.7496777772903],3750.7496777772903,"[[666.2739676739592, 664.8917205079335, 664.3508109425321, 664.0512028450818, 663.509608069092, 662.6688464082192, 661.8285276414126, 661.8285276414126, 661.8285276414126, 660.9886534578336, 660.9886534578336, 660.6935749649757, 659.8552871652996, 659.0174504518071, 659.0174504518071, 658.1800665471418, 658.1800665471418, 657.3431371817918, 657.8913284122234, 657.8913284122234, 658.4405819813963, 658.4405819813963, 658.990895233007, 658.1565163393886, 658.1565163393886, 658.7085850359019, 658.7085850359019, 659.2617082767662, 658.4291913334341, 658.4291913334341, 657.597141113007, 657.597141113007, 657.3218389799626, 655.9344479443049, 656.4914317795777, 655.1038085677719, 655.1038085677719, 655.1038085677719, 654.2736430577041, 654.2736430577041, 653.7162993225731, 653.7162993225731, 653.7162993225731, 653.7162993225731, 653.1600110233326, 652.604780858982, 651.4975057511732, 651.4975057511732]]",[658.113058390306],461.8053321838379,14.896946199478641,782.4319987297058,1644.8844047784805,25
5,5,[13391.5],13391.5,[2593.691679120064],2593.691679120064,"[[460.63543068244326, 460.63543068244326, 461.07808449328843, 460.6300033649567, 460.6300033649567, 461.52464722915937, 461.97510755450884, 461.97510755450884, 461.97510755450884, 462.87147244132467, 462.87147244132467, 462.4294540792141, 462.4294540792141, 461.53223072717253, 461.53223072717253, 461.53223072717253, 481.71775968921884, 461.07916890703274, 461.07916890703274, 460.63543068244326, 460.63543068244326, 460.63543068244326, 460.63543068244326, 459.7531946599175, 459.7531946599175, 459.7531946599175, 457.9781654183963, 456.64209179618996, 457.10830226544783]]",[461.5056355653867],191.5550947189331,15.962924559911093,320.5357344150543,572.6867597103119,11
6,6,[11301.0],11301.0,[2741.726168990135],2741.726168990135,"[[276.6224864323217, 275.74807342935327, 275.74807342935327, 276.6224864323217, 275.26351011349107, 275.74807342935327, 274.87451682540524, 274.4922585429323, 274.4922585429323, 552.8001447177813, 273.2489707208428, 270.80066469637774, 270.80066469637774, 269.59599403551977, 269.59599403551977, 268.73965096353015, 267.88430338487547, 267.36678926149375, 267.36678926149375, 266.8520189168521, 266.8520189168521, 266.8520189168521, 266.8520189168521, 266.3400082601185, 265.4806960967219, 265.4806960967219, 264.62237244798484, 265.4806960967219, 265.4806960967219, 265.4806960967219, 266.3400082601185, 266.3400082601185, 266.1879035568671, 265.32432983049256, 263.60007587252323, 264.1098256407739]]",[277.0968830897581],329.1768544912338,25.32129649932568,434.12927532196045,879.0288883447647,15
7,7,[5096.5],5096.5,[1389.6092952489853],1389.6092952489853,"[[358.62096982747676, 360.76030823803217, 360.07360358682223, 360.8018846957427, 360.07360358682223, 360.8018846957427, 360.1180362047977, 360.1180362047977, 360.1180362047977, 360.1180362047977, 359.43566879206634, 359.43566879206634, 359.43566879206634, 359.43566879206634, 359.43566879206634, 359.43566879206634, 359.43566879206634, 360.90164865237176, 360.90164865237176, 363.0495833904785, 363.0495833904785, 363.0495833904785]]",[360.3911876577488],252.72774064540863,18.051981474672044,436.94860565662384,791.845057964325,19
8,8,"[166254.0, 77.0, 491.5, 1388.5]",168211.0,"[18534.78496670723, 35.55634891986847, 153.1248904466629, 377.57568180561066]",19101.04188787937,"[[657.6397189951349, 656.8896406551104, 656.8896406551104, 656.8896406551104, 655.9153908851355, 656.1417529772053, 654.9412187364603, 653.6795851179689, 652.7066722502536, 651.7338413800529, 651.9662567955492, 649.2680494218085, 647.8155601712574, 646.3721838074408, 645.4037496017512, 644.6859700660469, 644.9379815145019, 644.2243398071823, 643.2573357529628, 643.5130146314059, 643.5130146314059, 642.804013677575, 642.804013677575, 643.0629829184696, 643.0629829184696, 642.0973446448755, 642.0973446448755, 641.3930152410455, 641.3930152410455, 641.3930152410455, 641.3930152410455, 642.3581555487561, 642.3581555487561, 642.3581555487561, 642.3581555487561, 642.0973446448755, 643.0629829184696, 643.0629829184696, 644.0287260674014, 644.0287260674014, 644.7363802361397, 644.7363802361397, 644.7363802361397, 644.7363802361397, 645.7027179747658, 645.7027179747658, 645.4463571823766, 646.4131805586889, 645.7027179747658, 646.669158070802, 646.2197768561405, 645.2542134693891, 645.5152980371573, 644.8131512306492, 644.113344062984, 643.4158841682415, 642.7207791879767, 640.1226444986929, 640.1226444986929, 637.8165880564726, 628.3732966955232, 628.3732966955232, 628.3732966955232, 627.1148220222514, 627.42170826327, 626.1629180971994, 626.1629180971994, 625.2111643277013, 625.2111643277013, 624.2595614005444, 624.2595614005444, 623.3081100066001, 623.3081100066001, 623.3081100066001, 622.3568108408551, 622.3568108408551, 621.4056646024399, 620.4546719946591, 619.5038337250222, 619.5038337250222, 618.5531505052738, 617.6026230514245, 616.6522520837818, 616.6522520837818, 615.3909326598824, 615.3909326598824, 614.4403958074371, 614.4403958074371, 613.4900162186831, 613.4900162186831, 613.1794190936288, 613.1794190936288, 611.9191123016178, 611.9191123016178, 611.9191123016178, 611.9191123016178, 611.9191123016178, 611.9191123016178, 611.6109874748818, 611.6109874748818, 612.5626498571391, 613.5144660071187, 613.5144660071187], [643.3234023413107], [648.7318398228963, 648.7318398228963, 648.5136852835104], [649.6375912768596, 651.3079148912594, 651.3079148912594, 654.7251331665831, 654.7251331665831]]","[634.500146419414, 643.3234023413107, 648.659121643101, 652.3407374785089]",4121.2492290735245,58.874988986764635,5220.450114369392,9740.735099315643,120
9,9,"[53427.0, 2365.5]",55792.5,"[7370.50440788269, 616.5411919355392]",7987.04559981823,"[[304.1710045352778, 302.9488405655318, 303.9161068452937, 303.9161068452937, 303.66428831853113, 303.66428831853113, 304.6325655605454, 303.66428831853113, 303.66428831853113, 305.60104711862493, 305.60104711862493, 305.60104711862493, 305.60104711862493, 301.43821920917725, 300.48294460751015, 299.5279619668254, 299.5279619668254, 298.2767171604247, 297.3213749463701, 296.36632737205485, 295.4115772951358, 357.3289800729854, 357.7373338079211, 357.94552658190884, 356.9677856613955, 356.9677856613955, 356.9677856613955, 356.9677856613955, 355.990168403567, 355.990168403567, 355.990168403567, 355.990168403567, 355.990168403567, 355.990168403567, 355.990168403567, 355.990168403567, 355.990168403567, 355.990168403567, 356.20218977429096, 356.20218977429096, 355.225280631883, 355.225280631883, 355.225280631883, 355.225280631883, 354.0353089735542, 354.0353089735542, 353.0580688781946, 353.0580688781946, 352.51241112902676, 351.31894341182345], [295.1829940901068, 295.53003231482245, 294.5929394944828, 294.5929394944828, 294.24479604574145, 294.24479604574145, 296.1215966457023, 296.1215966457023]]","[333.1421466017884, 295.0789613470978]",2037.538126707077,49.69605187090432,2625.6232694387436,5198.968221664429,53
10,10,[16514.0],16514.0,[4023.200469136238],4023.200469136238,"[[561.898567358914, 561.898567358914, 561.1105060502788, 561.1105060502788, 561.1105060502788, 561.1105060502788, 561.1105060502788, 561.1105060502788, 561.1105060502788, 561.8433945504744, 562.5237772752366, 562.5237772752366, 563.2051136131489, 563.9370532249145, 563.9370532249145, 563.9370532249145, 564.6184552421219, 565.3008048817903, 565.3008048817903, 565.3008048817903, 564.5706333134942, 565.2548097982007, 565.2548097982007, 565.2123494758408, 564.4856065481209, 564.4856065481209, 564.4856065481209, 564.4856065481209, 564.4856065481209, 564.4484033107012, 564.4484033107012, 564.4484033107012, 564.4484033107012, 565.1380362353962, 565.1380362353962, 565.1061847122185, 565.1061847122185, 565.0778707399538, 565.0778707399538, 565.0530948503866, 565.0530948503866, 565.0530948503866, 565.0530948503866, 565.7490609802194, 565.7490609802194, 565.7490609802194, 565.7490609802194, 566.4459374026792, 566.4459374026792, 566.4459374026792, 566.4459374026792, 565.7296173968621, 565.7296173968621, 566.4282831921442]]",[564.2969831853593],191.30287432670593,7.97095309694608,492.5883718729019,809.8455154895782,22
11,11,[4762.0],4762.0,[1541.947388768196],1541.947388768196,"[[603.7549171642414, 603.7549171642414, 603.7549171642414, 603.0961780678103, 603.0961780678103, 603.0961780678103, 603.0961780678103, 603.0961780678103, 602.4383785915369, 602.4383785915369, 602.1644293712474, 602.1644293712474, 601.4158295223032, 601.4158295223032, 602.0797289396148, 602.0797289396148, 601.9983388681401, 601.2528586210631, 601.9202604996779, 601.1763468400932, 600.3615577300066, 600.3615577300066, 600.3615577300066, 600.3615577300066]]",[602.1140171012576],352.9829295873642,23.53219530582428,500.03758347034454,948.809681892395,14
12,12,[3253.0],3253.0,[1009.0579986572266],1009.0579986572266,"[[296.84002425549016, 296.84002425549016, 296.84002425549016, 297.83384629689084, 297.83384629689084, 297.83384629689084, 298.82770955853476, 297.83384629689084, 298.82770955853476, 297.83384629689084, 297.83384629689084, 296.84002425549016, 296.84002425549016, 297.7247050548543, 297.7247050548543, 297.7247050548543, 297.7247050548543, 297.7247050548543, 297.7247050548543, 297.7247050548543]]",[297.64657767799224],101.85099947452545,10.185099947452546,213.9967222213745,464.92967545986176,8
13,13,[3342.0],3342.0,[941.3056915998459],941.3056915998459,"[[171.39719951037708, 170.46993869888027, 170.46993869888027, 170.46993869888027, 170.46993869888027, 170.46993869888027, 169.1685549976709, 169.1685549976709, 169.1685549976709, 169.72919607421701, 169.72919607421701, 169.72919607421701, 169.72919607421701, 168.7986966774329, 168.7986966774329, 167.31407591712062]]",[169.69255072291534],349.0519605875015,29.087663382291794,474.20315539836884,1028.7448662519455,13
14,14,"[15836.5, 2496.5]",18333.0,"[3670.791307926178, 922.8082177639008]",4593.599525690079,"[[523.6458727040632, 522.7083316726452, 522.7083316726452, 522.7083316726452, 521.7710225759955, 520.4853504182419, 520.4853504182419, 520.4853504182419, 520.13844310914, 520.13844310914, 519.7932281205672, 519.7932281205672, 519.449708826562, 519.1078885934985, 519.1078885934985, 518.7677707799512, 518.4293587365592, 518.0926558058896, 518.0926558058896, 518.700298823897, 518.700298823897, 518.3676301622238, 518.3676301622238, 518.0366782381341, 518.0366782381341, 518.0366782381341, 518.9807318195927, 518.9807318195927, 519.5969591904864, 519.5969591904864, 520.2163011671203, 520.2163011671203, 520.2163011671203, 521.7853964993654, 521.1679191968745, 521.1679191968745, 520.2547452931112, 520.2547452931112, 519.6546930414465, 519.6546930414465, 511.9736321335309, 511.02446125405777], [521.8620507375489, 521.8620507375489, 521.8620507375489, 522.518899179733, 522.518899179733, 523.4739726099092, 525.0904683956851, 525.0904683956851, 524.79805639884, 524.79805639884, 524.5073879365285, 520.7705828865528, 520.7705828865528, 519.52670768691, 518.5682211628476, 517.0415844011002, 516.0823577686027]]","[519.4975617693324, 521.831905735304]",892.5385308265686,42.50183480126517,1220.9714888334274,2898.897999048233,44
15,15,[1091.5],1091.5,[499.10259318351746],499.10259318351746,"[[752.3961722390671, 751.7346606349876, 751.7346606349876, 751.7346606349876, 751.7346606349876, 750.9846869277695, 750.9846869277695, 750.9846869277695, 750.9846869277695, 750.9846869277695, 750.9846869277695]]",[751.3857214859669],11.071067690849304,5.535533845424652,14.071067690849304,66.9443428516388,1
16,16,[5924.5],5924.5,[1530.8763210773468],1530.8763210773468,"[[673.2325007009094, 674.1965588758222, 674.1965588758222, 674.4627491566899, 675.4265319040999, 675.4265319040999, 675.4265319040999, 675.1607216063446, 675.1607216063446, 676.1249884451838, 676.1249884451838, 676.8256791818703, 676.8256791818703, 676.8256791818703, 677.7905281132217, 677.5285971824363, 677.5285971824363, 677.5285971824363, 677.5285971824363, 677.5285971824363, 678.4939203854371, 678.233735521907, 678.233735521907, 677.9749257900324]]",[676.4077605089541],52.9990473985672,8.833174566427866,83.54419982433319,159.5053893327713,2
17,17,[9607.0],9607.0,[2298.204309940338],2298.204309940338,"[[116.46887996370532, 116.46887996370532, 115.10430052782563, 115.10430052782563, 115.10430052782563, 115.10430052782563, 115.6027681329474, 114.73883387938018, 114.73883387938018, 115.24755962709145, 115.24755962709145, 116.1077086157504, 116.61903789690601, 116.61903789690601, 117.13667231059623, 117.99152511939153, 118.51160280748886, 118.51160280748886, 118.51160280748886, 117.66052864066182, 117.66052864066182, 116.81181447096864, 116.81181447096864, 116.81181447096864, 117.34564329364768, 116.50321883965266, 116.50321883965266, 116.50321883965266, 116.50321883965266, 117.04699910719626, 116.50321883965266]]",[116.50337241096636],270.3850783109665,15.905004606527442,372.38104689121246,853.9547854661942,8
18,18,[1301.5],1301.5,[478.3036036491394],478.3036036491394,"[[465.6790740413402, 464.8440598738463, 464.8440598738463, 464.8440598738463, 465.6790740413402, 465.6790740413402, 465.6790740413402, 465.6790740413402, 467.0642354109336, 466.51473717343595]]",[465.65065224126084],0.0,0.0,8.927446603775024,11.577728152275085,1
19,19,[26374.0],26374.0,[3869.69881939888],3869.69881939888,"[[696.9167812587095, 696.9167812587095, 695.0136689303312, 695.0136689303312, 694.2398720903316, 693.6065166937232, 692.9740254872472, 692.3424008393534, 691.7116451238912, 692.4882670486194, 691.8590896996295, 691.2307863514183, 691.3826726205973, 692.1625531621889, 692.1625531621889, 692.1625531621889, 692.1625531621889, 691.5374176427476, 692.1625531621889, 691.5374176427476, 691.5374176427476, 691.5374176427476, 691.5374176427476, 690.9131638635929, 691.695019499201, 691.0723551119665, 691.0723551119665, 691.0723551119665, 691.8554762376316, 691.2344030790134, 691.2344030790134, 690.614219372871, 690.614219372871, 689.9949275175869, 689.9949275175869]]",[692.1589672923669],775.0714765787125,40.79323560940592,1146.5591737031937,2342.1757934093475,38
20,20,[13689.0],13689.0,[2718.6328040361404],2718.6328040361404,"[[864.2875678846711, 863.7870107844873, 865.654087958926, 865.1531656302253, 865.5194971807394, 865.0208089982576, 864.5229898620395, 864.8942131844796, 864.3986348901761, 863.9039298440539, 862.9171455012353, 862.9171455012353, 861.933872173498, 861.933872173498, 861.933872173498, 862.3154875102267, 862.3154875102267, 862.6992523469578, 862.6992523469578, 863.5722320686325, 864.4454870030845, 865.8059828853113, 866.6792947797934, 867.5528802326692, 868.4267384183884, 872.1221244756952, 872.9948453456068]]",[864.8298843949842],786.4448084831238,34.19325254274451,1269.0890899896622,2216.3264701366425,31
21,21,[59942.5],59942.5,[7568.474970340729],7568.474970340729,"[[741.853085186009, 741.853085186009, 743.1527433845615, 744.0813127609106, 744.6401815642237, 744.6401815642237, 745.9390055493814, 745.9390055493814, 746.8681275834443, 746.8681275834443, 746.8681275834443, 746.8681275834443, 748.1670936361743, 748.1670936361743, 749.0961220030445, 749.0961220030445, 749.0961220030445, 749.0961220030445, 750.0253329054959, 750.0253329054959, 750.0253329054959, 750.0253329054959, 750.9547256659353, 751.3241643924412, 751.3241643924412, 751.3241643924412, 751.3241643924412, 751.3241643924412, 751.3241643924412, 751.6947518773827, 751.6947518773827, 751.6947518773827, 751.3241643924412, 751.6947518773827, 751.6947518773827, 751.6947518773827, 751.3241643924412, 751.3241643924412, 751.3241643924412, 751.3241643924412, 751.3241643924412, 751.6947518773827, 752.623411806994, 752.623411806994, 752.623411806994, 752.623411806994, 752.2532818140444, 753.1825807863588, 752.623411806994, 752.623411806994, 752.623411806994, 752.9946878962693, 753.367108387405, 753.367108387405, 753.7406715840667, 754.6681389856074, 755.2231458317468, 755.9695761073987]]",[750.2453321022613],1089.5301370620728,29.446760461137103,1480.3753695487976,3432.9705667495728,28
22,22,[27279.0],27279.0,[4372.822833418846],4372.822833418846,"[[772.2700304945156, 771.6812813590855, 772.4901293867773, 772.4901293867773, 773.2994245439472, 773.2994245439472, 773.2994245439472, 774.109165428236, 774.109165428236, 774.109165428236, 774.109165428236, 774.109165428236, 773.2994245439472, 773.2994245439472, 772.4901293867773, 771.902843627357, 771.902843627357, 771.0933795591816, 769.6966935098526, 769.6966935098526, 768.8875080270195, 768.0787720019347, 768.0787720019347, 768.0787720019347, 768.0787720019347, 767.490716556233, 766.6818114446174, 766.6818114446174, 766.6818114446174, 764.920910944393, 765.7316762417498, 765.3757247260982, 765.3757247260982, 765.3757247260982, 765.3757247260982, 766.1886190749639, 766.1886190749639, 767.5838716387937, 767.5838716387937, 768.39703278969, 768.39703278969, 768.39703278969, 769.2106343518659, 769.2106343518659]]",[769.6547428460034],608.4507236480713,33.8028179804484,821.8177498579025,1625.8511147499084,37
23,23,"[26960.5, 55.5]",27016.0,"[4322.81569314003, 36.55634891986847]",4359.372042059898,"[[550.3635162326806, 549.5862079783299, 549.5862079783299, 550.9927404240459, 550.9927404240459, 554.5827260202034, 554.5827260202034, 554.5827260202034, 554.5827260202034, 554.5827260202034, 554.5827260202034, 555.989208528367, 555.989208528367, 556.7665579037591, 557.5446170487165, 557.5446170487165, 558.3233829959122, 558.3233829959122, 559.1028527918634, 559.1028527918634, 559.1028527918634, 559.883023496873, 559.883023496873, 560.6638921849703, 560.6638921849703, 560.6638921849703, 561.2886957707237, 562.0693907339199, 562.0693907339199, 562.0693907339199, 562.8507795144287, 562.8507795144287, 562.8507795144287, 562.8507795144287, 562.8507795144287, 562.8507795144287, 564.256147507495, 564.256147507495, 563.7942887259501, 558.3421889844972], [573.470138716917]]","[558.3453835979286, 573.470138716917]",486.3635028600693,23.16016680286044,711.6526207923889,1522.1482305526733,14
24,24,"[96595.5, 3281.5, 803.5, 2320.0]",103000.5,"[11638.596355080605, 731.1097334623337, 278.5512965917587, 933.5239470005035]",13581.7813321352,"[[598.441308734616, 598.3519031473035, 598.3519031473035, 598.3519031473035, 598.2641557038162, 598.2641557038162, 597.0971445250764, 597.0971445250764, 596.0176171892908, 596.0176171892908, 597.0142376861711, 597.0142376861711, 597.0142376861711, 596.9329945647166, 593.0337258537662, 593.0337258537662, 593.0337258537662, 592.0354719102564, 618.6388283966663, 590.0389817630696, 589.9805081525999, 588.9252923758667, 588.9252923758667, 588.8166098200695, 588.8166098200695, 586.7674155915613, 586.7171379804752, 585.718362355151, 585.718362355151, 584.6238106680227, 584.6238106680227, 584.6238106680227, 584.6238106680227, 583.624879524511, 583.624879524511, 582.6731502308992, 582.6731502308992, 582.722060677301, 582.722060677301, 582.7726829562278, 582.7726829562278, 582.8250166216271, 582.8790612125298, 582.8790612125298, 582.9348162530696, 582.9348162530696, 582.9922812525051, 583.0514557052405, 583.112339090848, 583.0514557052405, 583.1749308740903, 583.1749308740903, 583.3729510356133, 583.3729510356133, 583.7370983584991, 583.8150392033422, 583.0626038428463, 583.0626038428463, 583.234086795345, 583.234086795345, 583.234086795345, 583.4123755972271, 583.3223808495608, 582.5083690385916, 582.5083690385916, 719.3448408100248, 584.4082477172957], [582.343541219442, 582.343541219442, 580.2792431235155, 580.2792431235155, 581.2486559124245, 580.2792431235155, 581.2486559124245, 581.2486559124245, 581.278762729209, 580.2792431235155], [612.6401880386235, 612.6401880386235, 612.6401880386235, 612.6401880386235, 612.6401880386235, 612.6401880386235], [587.1873636242524, 587.1873636242524, 588.0620715536753, 588.0620715536753, 587.9455757125825, 587.9455757125825, 587.8307579567439, 588.8242522179262, 587.8307579567439, 588.7113044608537, 588.7113044608537, 588.7113044608537, 588.6000339789321, 588.6000339789321, 588.6000339789321, 588.4904417235679, 587.496382967589, 587.496382967589, 587.496382967589]]","[590.0768903933601, 581.0828785399428, 612.6401880386235, 588.094178729375]",5034.737866401672,58.543463562810146,6715.53965651989,11224.783705115318,162
25,25,[22878.5],22878.5,[4168.69497859478],4168.69497859478,"[[619.4836559587347, 618.8093405888441, 619.7967408755874, 618.9684967750782, 618.9684967750782, 619.1292272215874, 619.1292272215874, 619.1292272215874, 619.1292272215874, 619.1292272215874, 619.1292272215874, 619.1292272215874, 618.9684967750782, 618.9684967750782, 618.9684967750782, 618.8093405888441, 618.8093405888441, 618.8093405888441, 618.4957558463922, 618.4957558463922, 619.3294761272065, 619.3294761272065, 619.3294761272065, 620.317660557879, 620.317660557879, 621.3058827984812, 621.1537651821809, 622.1422666882552, 622.1422666882552, 621.9919613628459, 622.8322406555396, 622.8322406555396, 622.8322406555396, 622.8322406555396, 622.8322406555396, 623.6745946405064, 623.6745946405064, 624.663909634613, 624.5190149226843, 625.5085930664742, 625.3654931318165, 625.22395987358, 625.0839943559586, 623.8180824567368, 624.8087707450976]]",[621.06929885049],575.4608759880066,16.925319882000196,891.3750928640366,1702.6651910543442,26
26,26,[18426.0],18426.0,[3489.6613651514053],3489.6613651514053,"[[657.9794829628048, 658.0577482257921, 659.9734843158474, 659.9734843158474, 658.8998406434774, 658.8998406434774, 658.824711133394, 659.8219456792871, 659.8219456792871, 659.8219456792871, 659.748436906068, 659.748436906068, 660.7457907546593, 660.7457907546593, 660.8191885833825, 660.7457907546593, 660.7457907546593, 660.7457907546593, 660.7457907546593, 660.7457907546593, 660.7457907546593, 660.7457907546593, 660.7457907546593, 660.7457907546593, 660.7457907546593, 660.7457907546593, 660.6738983795258, 664.7352856588855, 665.7326790837295, 665.7326790837295, 666.730080317365, 666.730080317365, 666.658833287312, 666.658833287312, 666.658833287312, 666.658833287312, 666.658833287312, 665.5914662914482, 665.5914662914482, 665.5914662914482, 664.5253945486207, 664.5253945486207]]",[662.1795197317462],807.7981861829758,33.65825775762399,1080.8836426734924,2056.02942609787,30
27,27,[161533.5],161533.5,[16557.356472611427],16557.356472611427,"[[681.0007342139949, 681.0, 680.0007352937201, 679.0007363766257, 678.0007374627257, 678.0007374627257, 678.0029498460902, 678.0029498460902, 677.0029542033033, 677.0029542033033, 677.0029542033033, 677.0029542033033, 677.0066469393045, 676.0066567719581, 676.0066567719581, 674.0029673525185, 674.0029673525185, 672.0007440472071, 672.0007440472071, 671.0, 670.0, 669.0, 669.0, 669.0, 668.0, 666.0007507503276, 666.0007507503276, 666.0007507503276, 666.0, 666.0, 666.0007507503276, 666.0007507503276, 667.0029984940097, 667.0029984940097, 667.0029984940097, 667.0067465925663, 667.0067465925663, 667.0119938951623, 667.0119938951623, 667.0119938951623, 667.0119938951623, 667.0187403664158, 668.0187123127615, 668.0269455643238, 669.0478308760892, 669.0605353777788, 670.0746227100382, 670.0746227100382, 671.0745115112032, 671.0901578774643, 672.0900237319403, 678.1445273686134, 679.1443145606095, 679.1443145606095, 679.1443145606095, 679.1656646209377, 680.1654210557899, 680.1654210557899, 680.1654210557899, 680.1654210557899, 680.1654210557899, 680.1654210557899, 680.1654210557899, 680.1654210557899, 680.1654210557899, 680.1654210557899, 679.1656646209377, 679.1656646209377, 679.1656646209377, 679.1443145606095, 678.1445273686134, 679.1443145606095, 678.1246198155616, 678.1246198155616, 677.1063431987623, 677.1063431987623, 676.0894911178549, 676.0894911178549, 675.0896236797008, 675.0740700100989, 674.0600863424565, 673.0601756158211, 673.0475466116789, 673.0475466116789, 673.0475466116789, 673.0475466116789, 673.0475466116789, 672.0364573443914, 672.0364573443914, 672.0364573443914, 672.0364573443914, 671.0365116742903, 671.026825097179, 670.0365661663549, 670.0365661663549, 669.036620821312, 669.036620821312, 668.0366756398932, 668.0366756398932, 668.0366756398932, 668.0366756398932, 667.0119938951623, 667.0187403664158]]",[673.2885706032389],3385.716386318207,41.289224223392765,4273.463421463966,8382.744482636452,97
28,28,[3380.0],3380.0,[922.1046811342239],922.1046811342239,"[[703.7591917694575, 703.0689866577817, 703.0689866577817, 703.0689866577817, 703.0689866577817, 703.0689866577817, 703.0689866577817, 703.0689866577817, 703.0689866577817, 703.0689866577817, 703.0362721794659, 703.0362721794659, 700.9315230462959, 700.9315230462959, 700.9315230462959]]",[702.6831456791541],0.0,0.0,4.414213538169861,7.0,1
29,29,[5180.0],5180.0,[1369.9524410963058],1369.9524410963058,"[[805.531501556581, 804.8117792378539, 806.2257748298549, 806.2257748298549, 806.2257748298549, 805.531501556581, 805.531501556581, 805.531501556581, 805.531501556581, 806.2257748298549, 805.506672846352, 805.506672846352, 804.7881708872218, 805.484326352785, 805.484326352785, 805.484326352785, 805.484326352785, 805.484326352785, 805.484326352785, 806.202207885838, 806.202207885838, 806.8983826975984, 807.6162455027759]]",[805.7825610873422],371.9713532924652,20.665075182914734,554.3288670778275,1090.6612720489502,14
30,30,[24703.0],24703.0,[4550.710135579109],4550.710135579109,"[[477.20016764456403, 476.92032877620136, 475.96008235985505, 475.96008235985505, 476.2404854692637, 476.2404854692637, 475.2809695327596, 475.2809695327596, 475.5638758358334, 475.5638758358334, 475.5638758358334, 475.2809695327596, 475.5638758358334, 475.5638758358334, 475.5638758358334, 478.05125248240904, 478.05125248240904, 479.2963592601137, 479.2963592601137, 480.83261120685233, 481.1247239541946, 482.66965929090674, 483.6248546135734, 483.92148123430104, 483.92148123430104, 483.92148123430104, 483.92148123430104, 483.92148123430104, 483.92148123430104, 482.66965929090674, 481.7146458226073, 478.919617472494, 478.919617472494, 476.52282211873126, 476.52282211873126, 474.0400826934364, 478.05125248240904]]",[478.6914668951478],1401.5980296134949,45.212839664951446,1885.4740339517593,3262.562881708145,50
31,31,[13516.5],13516.5,[2583.0937000513077],2583.0937000513077,"[[399.4446144335908, 401.36766187624033, 401.64287619725064, 403.63349712331853, 403.63349712331853, 403.92697359795125, 403.2679010285842, 404.2227108909147, 403.2679010285842, 403.2679010285842, 403.2679010285842, 402.9714630094791, 402.9714630094791, 402.9714630094791, 402.9714630094791, 402.67729014683704, 402.67729014683704, 402.67729014683704, 403.2679010285842, 402.9714630094791, 406.07634750130427, 406.07634750130427, 406.6866115327624, 406.6866115327624, 408.89729761885195, 409.8487525905136]]",[403.8989419288812],1619.8732013702393,64.79492805480957,2128.600031375885,4050.1238998174667,51
32,32,[3958.5],3958.5,[1179.2123266458511],1179.2123266458511,"[[506.9487153549164, 506.9487153549164, 506.9487153549164, 506.9487153549164, 508.35519078691425, 509.132595695856, 509.9107765089889, 510.68972967938174, 512.0956941822495, 512.8752284912969, 513.6555265934554, 514.4365850131578, 514.4365850131578, 515.2184002925361, 515.2184002925361, 516.0009689913383, 516.7842876868452, 517.5683529737884, 517.5683529737884, 517.5683529737884, 518.3531614642666, 519.7576358265457, 519.7576358265457]]",[513.3555792472218],25.55634891986847,4.259391486644745,74.68223893642426,149.3156999349594,4
33,33,"[39290.5, 114.5]",39405.0,"[6462.9620044231415, 57.041630148887634]",6520.003634572029,"[[654.5364772111635, 655.0366401965618, 655.5379470328168, 654.673200917832, 654.673200917832, 654.673200917832, 653.3062069198486, 652.8047181202047, 652.3043768057976, 651.8051856191388, 651.3071472047577, 650.8102642091626, 651.6786017662388, 651.6786017662388, 651.6786017662388, 652.0529119634388, 652.0529119634388, 652.0529119634388, 653.4164062831603, 653.4164062831603, 653.4164062831603, 653.4164062831603, 653.4164062831603, 652.5473162920831, 652.5473162920831, 652.5473162920831, 652.5473162920831, 653.0428776121826, 653.0428776121826, 653.0428776121826, 653.5395932917913, 652.6721994998715, 653.1707280642635, 653.1707280642635, 653.670406244615, 653.670406244615, 653.3062069198486, 653.8088405642739, 653.8088405642739, 654.673200917832, 654.1712314065791, 654.1712314065791, 654.1712314065791, 654.1712314065791, 654.1712314065791, 654.1712314065791, 656.269761607222, 664.7021889538202], [649.7076265521284]]","[653.5531984595589, 649.7076265521284]",1902.1906378269196,59.443457432091236,2368.6422963142395,4288.504121303558,57
34,34,[4422.5],4422.5,[1639.4520028829575],1639.4520028829575,"[[346.2210276687423, 346.2210276687423, 346.4390278245221, 346.4390278245221, 347.4147377415069, 347.6348659153739, 348.61009738675097, 349.80708969373393, 349.80708969373393, 350.7819835738432, 352.7321930303499, 353.7075062816734, 354.4643846707311, 354.4643846707311, 355.4405716853381, 355.65854411218635, 355.65854411218635, 356.63426644112593, 356.63426644112593, 357.8295683701949, 357.8295683701949, 359.78048863160996, 359.78048863160996, 361.7319449537185, 361.7319449537185, 362.70787143374764, 363.68392870733237, 364.87806182339875, 364.87806182339875]]",[354.81388152192574],276.2861051559448,25.116918650540438,324.12717378139496,772.7256491184235,7
35,35,[39569.5],39569.5,[5752.951023340225],5752.951023340225,"[[621.400032185387, 622.2772693904221, 623.0409296346429, 621.6317237722026, 621.6317237722026, 621.6317237722026, 620.8679408698762, 620.8679408698762, 620.8679408698762, 620.8679408698762, 621.5142798037709, 621.5142798037709, 623.5711667484313, 623.5711667484313, 625.6292832021212, 625.6292832021212, 626.9290230959164, 626.9290230959164, 627.5802737499005, 627.5802737499005, 629.6427558544607, 628.8855221739486, 629.5395142483115, 629.5395142483115, 628.7837466092774, 628.7837466092774, 629.439433146669, 629.439433146669, 629.439433146669, 630.0960244280232, 630.7535176279241, 634.1427284137224, 634.1427284137224, 634.0544140686981, 634.0544140686981, 634.717259888212, 634.717259888212, 633.9692421561159, 633.9692421561159, 633.2219200248835, 633.2219200248835, 633.1413744180678, 630.984151940443, 628.1600114620478, 628.1600114620478, 625.3359097317217, 625.3359097317217, 624.6695126224746, 624.6695126224746, 624.0040063973948, 624.0040063973948]]",[627.422576398734],1489.3234728574753,31.027572351197403,1921.6189850568771,3720.154777407646,51
36,36,[4703.5],4703.5,[1216.1412589550018],1216.1412589550018,"[[726.8576201705531, 726.8576201705531, 726.0881489185731, 726.0881489185731, 726.2981481457873, 726.2981481457873, 726.2981481457873, 725.3206187611104, 725.3206187611104, 725.3206187611104, 724.3431507234675, 724.3431507234675, 723.5779156386684, 723.5779156386684, 722.6008580122224, 722.8146373725424, 721.8379319487166, 723.0297365945609]]",[724.8262853084033],163.52738654613495,16.352738654613496,262.2096564769745,561.6942949295044,2
37,37,[8492.0],8492.0,[2155.2387998104095],2155.2387998104095,"[[175.775424903483, 174.42763542512407, 174.88853593074649, 174.42763542512407, 174.42763542512407, 173.5396208362805, 173.08090593707902, 173.08090593707902, 172.6267650163207, 173.5194513592064, 173.07223925286226, 173.5280957078709, 173.09246084101989, 173.09246084101989, 173.5655495770978, 173.1415605797753, 174.04884371922728, 174.54225849346628, 174.54225849346628, 174.13213373757299, 175.04570831642803, 175.96022277776305, 176.87566254292872, 177.39503938949363, 178.31432920547917, 178.84630272946657, 178.84630272946657, 178.4628812946827, 178.4628812946827, 176.7823520603796, 176.7823520603796, 176.7823520603796]]",[175.15964887188989],392.1193517446518,17.048667467158772,529.6311022043228,1340.0417565107346,11
38,38,[6771.5],6771.5,[1741.6286281347275],1741.6286281347275,"[[433.5262391136204, 433.5262391136204, 434.24647379109484, 434.24647379109484, 434.24647379109484, 434.24647379109484, 434.9678149012867, 434.9678149012867, 434.9678149012867, 434.27640967476003, 434.27640967476003, 435.0, 435.0, 435.72468371667907, 435.72468371667907, 435.72468371667907, 436.4504553783854, 436.4504553783854, 436.4504553783854, 436.4504553783854, 436.4504553783854, 436.4504553783854, 436.4504553783854, 436.4504553783854, 436.4504553783854, 435.72468371667907, 435.03678005428463]]",[435.31423151005436],1510.3075369596481,55.93731618369067,2073.068275809288,4038.0748606920242,52
39,39,[6065.5],6065.5,[1611.3565499782562],1611.3565499782562,"[[622.4291124296806, 621.9525705389439, 621.9525705389439, 621.9525705389439, 621.4772723117073, 621.4772723117073, 621.8842335997915, 621.8842335997915, 622.294142668883, 622.294142668883, 622.7069936976781, 622.7069936976781, 623.122780838576, 623.5414982180416, 623.5414982180416, 624.4269372792945, 625.3127217640787, 626.1988502065458, 626.1988502065458, 627.0853211485659, 627.0853211485659, 627.0853211485659, 627.5484045075726, 628.4345630214812, 628.4345630214812, 628.8982429614508, 629.363170196668]]",[624.4922278699299],131.09489595890045,16.386861994862556,174.57243835926056,487.45999109745026,2
40,40,[3587.0],3587.0,[1119.7442903518677],1119.7442903518677,"[[766.0926836878159, 766.0926836878159, 766.0926836878159, 765.3319541218699, 765.3319541218699, 765.9817230195509, 765.9817230195509, 765.2221899553097, 765.2221899553097, 765.8733576773643, 763.6000261917229, 763.6000261917229, 764.2538845174423, 764.2538845174423, 764.9084912589218, 765.010457444864, 765.010457444864, 765.010457444864, 764.3572463187616, 765.1150240323346]]",[765.1171549148606],73.5269113779068,10.503844482558113,91.76955199241638,278.3220946788788,1
41,41,[1679.5],1679.5,[548.5411919355392],548.5411919355392,"[[501.0878166549253, 500.08999190145767, 499.96199855589026, 498.96392655180995, 498.96392655180995, 498.90279614369774, 498.90279614369774, 498.90279614369774, 498.90279614369774, 498.90279614369774, 498.90279614369774, 498.90279614369774]]",[499.28226943514807],76.09254801273346,10.870364001819066,161.77792620658875,384.2228776216507,7
42,42,[4611.0],4611.0,[1171.0874361991882],1171.0874361991882,"[[221.05429197371402, 221.2690669750293, 221.2690669750293, 220.29298672449835, 220.29298672449835, 220.29298672449835, 219.53815158190613, 219.53815158190613, 218.34147567514515, 218.34147567514515, 217.3660507070964, 217.3660507070964, 217.14741536569116, 217.14741536569116, 216.1712284278368, 216.1712284278368, 216.1712284278368, 216.1712284278368, 215.19526017085042]]",[218.37567087574442],37.18415427207947,9.296038568019867,69.56624341011047,159.31367015838623,3
43,43,[24340.5],24340.5,[4307.077666640282],4307.077666640282,"[[483.22768960397957, 481.76861666156714, 481.04053883222775, 480.3550770003373, 480.3550770003373, 480.3550770003373, 480.3550770003373, 479.6269383593878, 479.6269383593878, 479.6269383593878, 479.6269383593878, 480.3550770003373, 480.3550770003373, 479.67072039056126, 480.4008742706449, 481.084192215874, 481.084192215874, 481.814279572534, 481.814279572534, 483.22768960397957, 482.5453346577915, 482.5453346577915, 482.5453346577915, 483.27735307998864, 483.27735307998864, 484.0103304682659, 483.3311494203534, 483.3311494203534, 484.06611118730467, 484.06611118730467, 484.1260166526893, 484.1260166526893, 484.8638984292396, 484.92989184004733, 485.67067031065403, 485.67067031065403, 486.4123764872765, 489.2371613031864, 489.2371613031864, 489.90815465758476, 490.6495694485016, 490.5802686615107, 490.5802686615107, 490.5802686615107, 490.5150354474366, 490.5150354474366, 491.1903907854876, 491.1903907854876]]",[484.1406270008827],1267.6921157836914,34.2619490752349,1928.9773463010788,4121.949502587318,34
44,44,[37017.0],37017.0,[5631.314378499985],5631.314378499985,"[[467.60774159545304, 466.3142717095414, 468.5402864215627, 468.5402864215627, 468.9019087186573, 468.9019087186573, 469.26538333868183, 469.26538333868183, 468.9019087186573, 468.9019087186573, 469.26538333868183, 469.26538333868183, 469.26538333868183, 469.26538333868183, 468.33428232406817, 468.33428232406817, 468.7003307018249, 468.7003307018249, 468.7003307018249, 469.63070598077377, 469.63070598077377, 468.7003307018249, 468.33428232406817, 468.33428232406817, 467.9700845139569, 467.9700845139569, 467.9700845139569, 466.67547610732663, 466.67547610732663, 466.67547610732663, 466.67547610732663, 466.67547610732663, 466.67547610732663, 465.59746562884123, 465.59746562884123, 464.8881585930104, 464.8881585930104, 463.6000431406365, 463.24939287601876, 461.96320199773487, 461.96320199773487, 461.3762022471467, 461.3762022471467, 461.3762022471467, 461.3762022471467, 460.792795082562, 462.0822437618654, 462.43810396635786]]",[466.58605282418733],1092.8511782884598,32.14268171436646,1463.6963472366333,2780.7396367788315,43
45,45,[536.5],536.5,[229.75230705738068],229.75230705738068,"[[433.8029506584758, 432.9110763193753, 432.90299144265566, 432.90299144265566, 432.00925916003234]]",[432.9058538046389],127.56485497951508,25.512970995903014,180.01450324058533,288.1877727508545,9
46,46,[6224.5],6224.5,[1531.2316595315933],1531.2316595315933,"[[673.3929016554897, 673.3929016554897, 673.359487940877, 673.359487940877, 673.359487940877, 673.359487940877, 673.359487940877, 673.359487940877, 673.359487940877, 673.359487940877, 673.3929016554897, 673.3929016554897, 673.3929016554897, 673.4277986540205, 673.4277986540205, 673.4277986540205, 673.4277986540205, 673.4277986540205, 673.4641787058907, 673.4641787058907, 673.4641787058907, 673.5020415707736, 673.5020415707736, 673.5020415707736, 673.5020415707736, 673.5413869986016]]",[673.4200574797668],29.071067690849304,9.690355896949768,64.72593224048615,110.94995355606079,3
47,47,[5837.5],5837.5,[1569.6042429208755],1569.6042429208755,"[[163.95426191471816, 163.95426191471816, 164.4506004853737, 165.42369842317032, 165.95180023127196, 165.95180023127196, 165.73774464496614, 165.73774464496614, 165.5294535724685, 165.5294535724685, 163.1686244349691, 163.1686244349691, 163.1686244349691, 163.1686244349691, 163.95731151735808, 163.95731151735808, 166.30694513459142, 166.1114083980989, 167.28717822953436, 167.28717822953436, 167.28717822953436]]",[165.09951564910853],290.29035472869873,24.190862894058228,411.094486117363,901.2129170894623,11
48,48,[1644.0],1644.0,[607.7127648591995],607.7127648591995,"[[450.6273404932284, 450.7992901502841, 449.81440617214565, 449.9888887517113, 449.0044543208898, 449.0044543208898, 448.02008883531107, 448.02008883531107, 447.035792750424, 447.035792750424, 447.035792750424, 443.5594661372926, 443.5594661372926]]",[447.96194787735595],45.533530950546265,15.177843650182089,83.3838232755661,150.87676775455475,1
49,49,[1382.0],1382.0,[500.1980460882187],500.1980460882187,"[[425.46562728380303, 425.20818430505307, 425.20818430505307, 424.95293857084926, 425.9201803155141, 425.6677107791945, 426.38597537911585, 426.38597537911585, 427.10771475120885, 427.10771475120885, 427.8329113100113]]",[426.11301064819344],553.2314978837967,61.47016643153297,718.3694945573807,1174.3202538490295,20
50,50,[5299.5],5299.5,[1447.413337111473],1447.413337111473,"[[544.2435116746915, 544.2435116746915, 543.9209501388966, 543.9209501388966, 543.9209501388966, 543.9209501388966, 543.6000367917574, 544.5475185876803, 544.2288121737033, 544.2288121737033, 544.2288121737033, 544.2288121737033, 544.5475185876803, 544.8678738923777, 545.1898751811152, 545.5135195391587, 544.6062798022072, 544.6062798022072, 544.9376111079139, 544.9376111079139, 544.9376111079139, 545.2705750359173, 545.6051685972192]]",[544.5327631191673],0.0,0.0,0.0,0.0,0
51,51,[2594.0],2594.0,[869.5361396074295],869.5361396074295,"[[624.6479008209345, 625.518984524051, 626.0103833004689, 626.8811689626672, 626.8811689626672, 627.8662277906019, 628.7360336421001, 628.3605652807948, 628.3605652807948, 629.3528422117437, 629.3528422117437, 629.8507759779295, 630.3499028317526, 630.8502199413107, 630.8502199413107]]",[628.2579867787247],11.365746140480042,2.8414365351200104,112.81929457187653,152.9609488248825,3
52,52,[1217.5],1217.5,[463.34523379802704],463.34523379802704,"[[528.7967473424926, 528.7967473424926, 528.7967473424926, 528.7967473424926, 527.8531992893479, 527.8531992893479, 526.5785791313581, 526.5785791313581]]",[528.0063182764228],342.2301231622696,48.890017594609944,445.7394050359726,856.1344441175461,15
53,53,[35780.0],35780.0,[5522.533510327339],5522.533510327339,"[[427.5371328902321, 427.5371328902321, 427.5371328902321, 428.43085789891467, 429.32505167995964, 430.21971131039544, 431.1148338899973, 431.1148338899973, 433.8029506584758, 433.8029506584758, 434.69989648031896, 434.69989648031896, 435.59729108432253, 435.59729108432253, 435.59729108432253, 282.7330896800019, 435.59729108432253, 435.59729108432253, 435.59729108432253, 435.59729108432253, 436.4951317025197, 436.4951317025197, 436.4951317025197, 436.4951317025197, 437.3934155883008, 436.95537529592195, 436.95537529592195, 437.8549988295212, 437.8549988295212, 437.8549988295212, 437.8549988295212, 436.5191862908204, 435.6190996730974, 433.82023926967724, 433.82023926967724, 433.82023926967724, 433.82023926967724, 434.7194497604173, 434.7194497604173, 435.15744277215344, 435.6190996730974, 435.15744277215344, 427.9918223517828]]",[430.7261662169481],1316.5665897130966,43.88555299043655,1720.8780755996704,3298.4615213871,45
54,54,[5622.5],5622.5,[1346.0945764780045],1346.0945764780045,"[[709.8084248584262, 711.2032058420434, 711.2032058420434, 711.2032058420434, 711.2032058420434, 711.2032058420434, 711.2032058420434, 711.2032058420434, 711.2032058420434, 710.6229661360517, 710.6229661360517, 710.6229661360517, 710.6229661360517, 710.043660629401, 710.8593391100661, 710.2816342831906, 710.2816342831906, 710.2816342831906, 710.1922274990061, 711.0119548924617, 712.1586901807771, 712.1586901807771]]",[710.8725182491381],2.414213538169861,0.8047378460566202,8.990704774856567,18.712054014205933,2
55,55,[10512.0],10512.0,[2385.2581326961517],2385.2581326961517,"[[520.13844310914, 520.13844310914, 517.3867025736166, 517.3867025736166, 516.3874514354508, 516.3874514354508, 516.3874514354508, 515.3882032022076, 515.3882032022076, 515.3882032022076, 514.3510474374481, 513.3517312720393, 513.3517312720393, 512.3524177751092, 511.3169271596629, 511.3169271596629, 511.3169271596629, 510.31754819915807, 509.3181716766053, 508.35519078691425, 508.35519078691425, 507.3943239729826, 506.3951026619432, 505.43644506505467, 505.43644506505467, 504.4373102775012, 504.4373102775012, 503.43817892567506, 504.3966692990746]]",[511.5673397071894],1076.9857255220413,63.352101501296545,1375.9872514009476,2797.0395785570145,30
56,56,[1039.5],1039.5,[535.3990565538406],535.3990565538406,"[[680.97356776897, 680.97356776897, 682.3877197019301, 681.6876117401578, 683.8164958525058, 683.117852204142, 684.5319568873318, 685.2481302418854, 686.6622168140606, 687.3790802752146, 687.4009019487827]]",[684.0162819276319],42.2428013086319,7.040466884771983,71.74495720863342,128.2953063249588,7
57,57,[1346.5],1346.5,[433.81832242012024],433.81832242012024,"[[680.0772014999474, 681.0535955414963, 679.8617506522926, 679.8617506522926, 678.6707596471208, 678.6707596471208, 679.2238217259462, 678.2462679587703]]",[679.4582384156233],46.66856062412262,7.77809343735377,80.73393058776855,178.84632682800293,3
58,58,[9045.0],9045.0,[1891.8611640930176],1891.8611640930176,"[[603.9412223056148, 603.9412223056148, 603.5180196149904, 603.5180196149904, 603.9412223056148, 603.9412223056148, 603.4608520857007, 603.4608520857007, 602.983416024023, 602.983416024023, 603.411965410034, 603.411965410034, 603.411965410034, 603.411965410034, 603.411965410034, 604.7445741798764, 604.7445741798764, 605.647587298092, 605.647587298092, 606.9802303205599, 607.8832124676582, 609.2158894841795, 609.2158894841795, 610.5489333378612, 610.5489333378612]]",[605.1170681244117],0.0,0.0,0.0,0.0,0
59,59,[9161.0],9161.0,[2096.7606588602066],2096.7606588602066,"[[248.2196607845559, 247.52373623553763, 247.50353532828578, 246.80559150878247, 247.50353532828578, 247.50353532828578, 246.78938388836744, 246.78938388836744, 246.07722365143832, 246.07722365143832, 245.3670719554684, 244.65894629054543, 243.95286429964293, 243.95286429964293, 242.53865671269807, 242.53865671269807, 242.53865671269807, 242.53865671269807, 241.83051916579925, 241.12444919584576, 239.0188277102873, 239.0188277102873, 239.0397456491284, 236.93247983339052, 236.24140195994434]]",[243.68341738056478],41.68533909320831,8.337067818641662,85.06739211082458,185.74791777133942,2
60,60,[20668.5],20668.5,[3946.2837294340134],3946.2837294340134,"[[466.58011102060493, 467.5745929795587, 467.5745929795587, 467.5745929795587, 467.5745929795587, 468.569098426262, 461.7152802323094, 461.7152802323094, 460.83077154200544, 460.83077154200544, 460.83077154200544, 459.8369276167368, 459.9489102063402, 459.9489102063402, 459.0697114818184, 460.0630391587657, 459.0697114818184, 459.0697114818184, 459.18623672753955, 460.17931287705665, 459.18623672753955, 459.18623672753955, 459.18623672753955, 459.18623672753955, 459.18623672753955, 458.19319069580246, 458.19319069580246, 456.20718977236646, 457.20017497809425, 457.31936324629856, 457.31936324629856, 458.43320124092236, 458.43320124092236, 458.43320124092236, 458.43320124092236, 457.6898513185539, 457.6898513185539, 458.8093285886851]]",[460.4218005304163],1121.5832022428513,35.0494750700891,1517.6012130975723,3333.2150033712387,26
61,61,[18239.5],18239.5,[3829.023843884468],3829.023843884468,"[[640.8057427957399, 640.8057427957399, 640.8057427957399, 640.2351130639431, 640.4880951274582, 640.4880951274582, 640.7440986852707, 640.7440986852707, 640.1781002189938, 641.0031201172113, 640.4389119970772, 640.4389119970772, 641.2651557663179, 641.2651557663179, 641.2651557663179, 641.2651557663179, 641.2651557663179, 641.5302019390825, 641.5302019390825, 641.5302019390825, 641.5302019390825, 642.3581555487561, 642.3581555487561, 642.919123996168, 642.919123996168, 642.919123996168, 642.919123996168, 642.919123996168, 642.919123996168, 642.919123996168, 642.919123996168, 642.0918937348454, 642.0918937348454, 641.5302019390825, 641.5302019390825, 641.5302019390825, 643.174937322654, 644.0069875397315, 644.0186332708084, 644.8542470977453, 644.8542470977453, 644.8542470977453, 645.4037496017512, 644.5688481457973, 645.1201438491903, 644.5618666970611, 641.5122757983669]]",[642.1999199971764],1496.7459372282028,46.77331053838134,1859.361112356186,3981.7558277845383,63
62,62,[2148.5],2148.5,[767.3351291418076],767.3351291418076,"[[571.2836423353989, 572.2447029025258, 572.2447029025258, 573.4823449767221, 573.4823449767221, 573.7604029557982, 573.7604029557982, 574.0400682879201, 574.3213386249896, 574.6042116100438, 574.6042116100438, 575.8472019555187, 575.8472019555187, 576.1327971917585]]",[573.9753982315202],18.142135500907898,4.5355338752269745,28.942237377166748,58.647878646850586,3
63,63,[27375.0],27375.0,[4486.741661071777],4486.741661071777,"[[516.7949303156911, 516.0193794810424, 516.6517202139174, 515.8778925288425, 517.2852211304707, 517.2852211304707, 517.2852211304707, 517.2852211304707, 518.6925871843553, 518.6925871843553, 519.3274496885371, 519.3274496885371, 519.3274496885371, 520.735057394833, 520.735057394833, 521.3712688670138, 521.3712688670138, 522.0086206184722, 522.0086206184722, 521.238908754901, 521.8783383126761, 521.1103529963688, 521.1103529963688, 521.7518567288477, 521.7518567288477, 520.9856044076458, 520.9856044076458, 520.3431560038049, 520.3431560038049, 519.5767508270554, 519.5767508270554, 518.9344852676492, 518.9344852676492, 518.9344852676492, 518.9344852676492, 518.9344852676492, 519.7018375953659, 520.4699799219932, 520.4699799219932, 520.4699799219932, 520.4699799219932, 520.4699799219932, 521.238908754901, 521.238908754901, 522.0086206184722, 523.4166600329035]]",[519.8556994555677],723.2819703817368,23.331676463926993,1260.7320549488068,2140.9418647289276,43
64,64,[22294.0],22294.0,[4329.087771296501],4329.087771296501,"[[301.4050430898594, 301.4050430898594, 302.27470949452584, 301.7830346457534, 301.2938764727886, 301.2938764727886, 300.8072472531205, 300.8072472531205, 300.32315928013276, 300.32315928013276, 300.32315928013276, 298.9648808806814, 298.9648808806814, 298.4845054605012, 298.4845054605012, 298.4845054605012, 298.0067113338221, 298.0067113338221, 297.5315109362368, 296.5889411289639, 296.1215966457023, 294.3076621496627, 293.8468989116611, 294.27877939124323, 294.27877939124323, 294.7168132292421, 294.7168132292421, 295.16097302997224, 295.16097302997224, 296.5029510814353, 296.5029510814353, 297.397041007472, 299.63310898497184, 300.97508202507396, 300.97508202507396, 300.97508202507396, 301.8691769624716, 301.8691769624716, 300.5278689239985, 300.5278689239985, 300.5278689239985, 300.5278689239985, 296.99831649354513]]",[298.6966381823462],1390.457134604454,40.89579807660159,1909.8650888204575,3985.14361846447,56
65,65,[3658.5],3658.5,[1118.0113161802292],1118.0113161802292,"[[467.20980297934676, 466.6347608140654, 467.4537410268528, 466.88114119120297, 466.3099827368057, 466.3099827368057, 465.74027096655493, 464.91827238773914, 464.91827238773914, 464.91827238773914, 464.91827238773914, 464.3490066749363, 464.3490066749363, 464.3490066749363, 462.957881453594, 462.1352615847442, 461.5668965599678, 461.5668965599678]]",[464.86037378809294],173.66710925102234,14.472259104251862,341.99784564971924,716.3035748004913,5
66,66,[4625.5],4625.5,[1295.9524410963058],1295.9524410963058,"[[41.86884283091664, 42.01190307520001, 42.80186911806539, 43.60045871318328, 43.60045871318328, 43.60045871318328, 44.40720662234904, 44.40720662234904, 43.829214001622255, 44.654227123532216, 46.04345773288535, 46.04345773288535, 47.43416490252569, 48.82622246293481, 48.82622246293481, 50.80354318352215, 51.61395160225576, 53.600373133029585, 53.600373133029585, 54.405882034941776]]",[46.798974695726464],451.841380238533,25.102298902140724,668.4052242040634,1190.5484836101532,24
67,67,[20181.5],20181.5,[3828.98726606369],3828.98726606369,"[[424.8340852615289, 424.0117922888466, 423.38752933925673, 421.3597038161101, 420.7386362101774, 420.11903075200007, 420.11903075200007, 420.11903075200007, 420.11903075200007, 420.11903075200007, 420.11903075200007, 419.5008939203825, 419.5008939203825, 419.5008939203825, 419.5008939203825, 419.5008939203825, 419.5008939203825, 419.5008939203825, 418.09687872549347, 418.09687872549347, 415.4623930032657, 415.4623930032657, 415.6404696369207, 415.6404696369207, 415.6404696369207, 415.6404696369207, 415.6404696369207, 415.6404696369207, 415.6404696369207, 415.6404696369207, 415.6404696369207, 415.4623930032657, 415.4623930032657, 415.4623930032657, 415.2890559598218, 415.2890559598218, 414.6733654335663, 416.076915966267, 416.076915966267]]",[418.03147300912667],1913.0013879537582,49.05131763983996,2531.373824238777,4792.332458972931,64
68,68,[548.5],548.5,[225.62236428260803],225.62236428260803,"[[445.1842315266793, 444.5447109121871, 445.1842315266793, 444.5447109121871, 444.5447109121871]]",[444.80051915798396],6.656854152679443,6.656854152679443,7.2426406145095825,14.584300637245178,1
69,69,[29063.5],29063.5,[5216.895989060402],5216.895989060402,"[[501.36613367877175, 501.48280130030383, 502.3594330755619, 501.36613367877175, 502.3594330755619, 502.3594330755619, 503.35275900704073, 503.1262267065791, 503.1262267065791, 502.90754617523885, 502.8011535388518, 501.5994417859733, 500.6046344172215, 499.4096514886351, 499.4096514886351, 499.21738751770255, 499.21738751770255, 499.1242330322181, 499.1242330322181, 500.0289991590488, 500.0289991590488, 501.0249494785664, 501.0249494785664, 501.0249494785664, 501.0249494785664, 502.02091589892945, 502.02091589892945, 502.02091589892945, 502.02091589892945, 502.02091589892945, 501.9322663467652, 502.92842433093796, 502.92842433093796, 503.0168983244996, 502.92842433093796, 502.92842433093796, 503.0168983244996, 504.012896660393, 504.1031640448213, 504.1031640448213, 505.1910529690723, 505.2850680556472, 505.38104436157874, 504.38576506479643, 504.4838946884231, 503.4888280786377, 502.5942697643896, 502.6967276599282, 501.8067357060883, 501.8067357060883, 501.8067357060883, 500.14497898109505, 501.251433913161]]",[502.0905383349186],347.2261974811554,20.425070440067966,587.8559300899506,977.3462210893631,20
70,70,[6097.0],6097.0,[1535.6437851190567],1535.6437851190567,"[[468.1591609698565, 468.1591609698565, 468.1591609698565, 467.7798627559763, 468.70566456999427, 468.70566456999427, 468.70566456999427, 468.70566456999427, 468.70566456999427, 468.328944226171, 468.328944226171, 467.95405757403154, 467.95405757403154, 467.58100902410484, 467.20980297934676, 467.20980297934676, 467.20980297934676, 467.20980297934676, 467.20980297934676, 467.0267658282553, 467.0267658282553]]",[467.9064394139653],120.79819667339325,10.98165424303575,173.22356760501862,381.3248459100723,3
71,71,[403.5],403.5,[177.99494767189026],177.99494767189026,"[[645.4618501507273, 646.0812642384857, 645.1356446515725, 647.9729932643799]]",[646.1629380762913],0.0,0.0,7.2426406145095825,12.498473405838013,1
72,72,[7705.5],7705.5,[1938.5108779668808],1938.5108779668808,"[[590.9120069858117, 591.486263576763, 591.486263576763, 592.0616521951072, 592.0616521951072, 591.2444502910788, 591.2444502910788, 591.0059221361491, 590.1906471641176, 588.7962296074933, 588.7962296074933, 587.9812922194038, 587.1669268615186, 586.3531359172559, 585.7721399998467, 584.9581181588986, 584.9581181588986, 584.1446738608511, 584.1446738608511, 583.9152335741893, 583.9152335741893, 584.863231875624, 584.863231875624, 584.863231875624, 584.863231875624, 584.863231875624, 582.0695834691932, 582.0695834691932]]",[587.1803800046204],184.19115257263184,10.232841809590658,294.26583564281464,637.2382284402847,8
73,73,[3123.5],3123.5,[962.9747383594513],962.9747383594513,"[[583.7876326199452, 582.8250166216271, 582.8250166216271, 583.7876326199452, 583.5177803632037, 584.4809663282458, 583.2495177880561, 583.5177803632037, 583.2495177880561, 583.5177803632037, 583.5177803632037, 583.2495177880561, 583.2495177880561, 583.9469153955691, 583.9469153955691, 583.4192317707739, 583.4192317707739, 583.4192317707739, 583.4192317707739]]",[583.4919060679298],0.0,0.0,1.4142135381698608,4.2426406145095825,1
74,74,[6430.0],6430.0,[1473.5209826231003],1473.5209826231003,"[[630.0579338441823, 631.053088099567, 635.2322409953701, 635.2322409953701, 635.3337705489927, 635.3337705489927, 635.3337705489927, 635.3337705489927, 635.3337705489927, 635.3337705489927, 635.4368576027047, 635.4368576027047, 635.4368576027047, 635.4368576027047, 635.4368576027047, 635.3337705489927, 634.3390260735973, 634.3390260735973]]",[634.7096798854532],502.6643879413605,41.88869899511337,690.6720727682114,1365.1345442533493,25
75,75,[8698.0],8698.0,[2180.9931948184967],2180.9931948184967,"[[500.4887611125748, 500.1299831043926, 500.1299831043926, 500.1299831043926, 500.4887611125748, 500.4887611125748, 499.9169931098562, 499.9169931098562, 500.2799216438733, 500.2799216438733, 499.7139181571792, 499.7139181571792, 499.7139181571792, 500.0809934400627, 499.1512796738079, 499.1512796738079, 499.5207703389319, 499.5207703389319, 499.5207703389319, 499.8919883334799, 499.8919883334799, 499.8919883334799, 499.8919883334799, 499.3375611748029, 499.3375611748029, 498.4104734052044, 498.4104734052044, 497.1086400375676, 496.18141843483016, 496.18141843483016, 496.5571467615787, 495.2544800403122, 495.2544800403122, 495.2544800403122]]",[498.97628725641323],506.18658006191254,18.747651113404167,835.6690349578857,1610.5679119825363,17
76,76,"[56244.5, 449.5, 160.0]",56854.0,"[8163.163349986076, 188.48022890090942, 75.11269783973694]",8426.756276726723,"[[644.2872030391416, 644.3888577559361, 645.2821088485252, 645.2821088485252, 646.2770303824824, 646.2770303824824, 655.7469023945138, 656.7411971241031, 657.8426863620208, 658.8368538568558, 659.939391156491, 659.939391156491, 661.8194617869741, 661.9274884758904, 662.8136993152751, 662.8136993152751, 663.7017402418047, 663.7017402418047, 664.6961711940276, 664.5916039192791, 664.5916039192791, 680.3065485499901, 664.4885251078456, 664.3869354525268, 664.3869354525268, 662.4990566031018, 662.6024449094646, 660.6133513637157, 660.7185482487986, 659.7241847924024, 659.8310389789192, 658.9453695110088, 658.0615472735054, 657.2929331736345, 657.2929331736345, 655.6561598887026, 654.6632722247369, 652.9195968877026, 653.0428776121826, 647.47200711691, 647.47200711691, 647.47200711691, 648.463568753095, 648.463568753095, 648.463568753095, 648.463568753095, 648.463568753095, 648.463568753095, 648.3347900583464, 648.3347900583464, 648.3347900583464, 648.3347900583464, 648.3347900583464, 648.2075284968541, 648.0817849623611, 648.0817849623611, 647.9575603386382, 648.8274038602253, 648.7064050863071, 647.7136713085497, 647.7136713085497, 647.7136713085497], [663.3679220462805, 663.3679220462805, 674.3367111465903, 673.3416666150996], [647.7113554663065, 647.7113554663065]]","[654.6258886244356, 668.6035554635628, 647.7113554663065]",1695.4609748125076,41.352706702744086,2153.6277354955673,4122.255163311958,60
77,77,[7292.5],7292.5,[1741.9250915050507],1741.9250915050507,"[[307.001628660175, 307.001628660175, 306.93647551244214, 306.93647551244214, 306.93647551244214, 306.93647551244214, 307.631272792608, 308.3504499753487, 308.3504499753487, 309.0453041222274, 309.0453041222274, 309.0453041222274, 309.7418279793674, 309.7418279793674, 310.4400103079498, 310.4400103079498, 311.13983994339264, 311.13983994339264, 311.13983994339264, 312.553995335206, 312.553995335206, 315.38230768386484, 316.0838496348714]]",[309.7206342988725],756.7510957717896,37.83755478858948,1108.5223799943924,2194.390981078148,22
78,78,[7066.5],7066.5,[1781.6773985624313],1781.6773985624313,"[[560.0437482911491, 560.0437482911491, 560.0437482911491, 560.0437482911491, 560.0437482911491, 560.0437482911491, 560.357029044876, 560.357029044876, 560.357029044876, 560.357029044876, 560.357029044876, 560.357029044876, 560.357029044876, 560.357029044876, 560.357029044876, 561.3065116315684, 561.3065116315684, 561.3065116315684, 565.1309582742747, 564.825636811928, 564.825636811928, 564.5219216292668, 565.7782251023806, 565.7782251023806, 565.7782251023806, 567.9876759226383, 567.9876759226383]]",[562.2225728416777],193.0974761247635,12.068592257797718,356.34132146835327,616.9227985143661,9
79,79,[25411.5],25411.5,[3666.975073456764],3666.975073456764,"[[700.7781389284344, 699.9921428130461, 699.5033952741045, 698.7216899452886, 698.4124855699531, 697.6338581232995, 698.8912647901675, 698.1146037721887, 698.1146037721887, 697.338511771722, 697.1950946471153, 697.1950946471153, 696.4208497740428, 696.4208497740428, 696.4208497740428, 695.6471806886017, 695.6471806886017, 696.281552247365, 696.281552247365, 694.7373604463776, 694.7373604463776, 694.472461657048, 694.472461657048, 694.3442950006862, 694.9856113618468, 694.096535072752, 694.096535072752, 692.6875197374354, 693.3318108957644]]",[696.4473396757509],466.54058063030243,27.44356356648838,605.9986094236374,1356.9400053024292,15
80,80,[911.0],911.0,[368.634556889534],368.634556889534,"[[670.1082002184423, 670.1082002184423, 669.1621627079643, 669.1621627079643, 668.5416965305903, 668.5416965305903, 668.5416965305903, 667.5964349814939, 667.9236483311547]]",[668.8539887508036],96.3222109079361,32.1074036359787,130.2298412322998,303.70055282115936,3
81,81,"[13343.5, 75.5, 0.0]",13419.0,"[2868.0541578531265, 39.38477599620819, 0.0]",2907.4389338493347,"[[198.80643852752857, 198.80643852752857, 199.40160480798542, 199.40160480798542, 199.40160480798542, 200.20489504505127, 199.40160480798542, 199.40160480798542, 199.40160480798542, 198.600100704909, 203.03940504246953, 204.44314613114327, 204.44314613114327, 204.44314613114327, 205.0609665440988, 205.0609665440988, 205.0609665440988, 205.6817930688081, 205.0609665440988, 205.84703058339218, 205.84703058339218, 206.0218435020908, 206.0218435020908, 206.81392603013947, 207.0024154448445, 207.0024154448445, 207.80038498520642, 207.80038498520642, 207.80038498520642, 208.4034548657963, 207.60780332155147, 207.60780332155147, 207.60780332155147, 208.21623375712088], [207.93508602446101], []]","[204.19184596964757, 207.93508602446101, nan]",968.781067609787,44.03550307317214,1363.757025718689,3096.7453610897064,25
82,82,[5252.0],5252.0,[1995.047894001007],1995.047894001007,"[[307.11886949518424, 307.11886949518424, 308.09901006007794, 307.31905245200795, 305.3604427557702, 305.3604427557702, 305.56505035753025, 305.56505035753025, 305.3604427557702, 305.3604427557702, 305.3604427557702, 305.56505035753025, 305.56505035753025, 305.77279146451207, 305.77279146451207, 306.7507131206055, 306.7507131206055, 307.9383055093991, 308.1509370422229, 308.1509370422229, 308.1509370422229, 309.127805284481, 309.127805284481, 309.3428518650463, 309.3428518650463, 309.3428518650463, 310.31919051196303, 311.2956793789467, 311.2956793789467, 312.488399784696, 311.5124395590006, 310.53663229963706]]",[307.8090165498444],330.107901930809,20.631743870675564,477.9194540977478,1077.4352394342422,12
83,83,[6504.0],6504.0,[1488.3077795505524],1488.3077795505524,"[[567.3129647734132, 566.6259789314288, 565.8992843254001, 565.2123494758408, 565.2123494758408, 565.2123494758408, 564.4856065481209, 564.4856065481209, 564.4856065481209, 564.4856065481209, 565.2123494758408, 564.5263501378832, 565.2123494758408, 565.9399261405755, 572.7521278877975, 568.7670876553952, 568.7670876553952, 569.4532465444375, 569.4532465444375]]",[566.5000775877817],244.5831288099289,30.57289110124111,323.99370980262756,590.1393463611603,7
84,84,[5803.0],5803.0,[1388.9230035543442],1388.9230035543442,"[[852.7907128950221, 852.4324020120305, 852.2171084882068, 853.1500454199132, 853.5103982963535, 853.5103982963535, 853.5103982963535, 853.5103982963535, 853.5103982963535, 852.5778556824005, 852.5778556824005, 852.5778556824005, 852.5778556824005, 853.5103982963535, 853.5103982963535, 854.4430934825326, 854.4430934825326, 855.7365248719958, 856.6691309951585]]",[853.51401697113],40.14213538169861,4.460237264633179,64.95469462871552,194.97134840488434,5
85,85,[25593.5],25593.5,[4041.4359694719315],4041.4359694719315,"[[679.4129819189504, 680.0073529014227, 680.6643813216614, 681.916417165623, 681.916417165623, 681.916417165623, 681.2605962478675, 681.2605962478675, 680.3065485499901, 680.3065485499901, 679.653588234477, 679.653588234477, 678.7002283777426, 677.747002944314, 677.0974819034553, 677.0974819034553, 676.4502938132262, 676.4502938132262, 676.4502938132262, 675.8054453761082, 676.1138957305936, 676.1138957305936, 675.4731674907598, 675.4731674907598, 674.8347945979075, 673.8850050268221, 673.8850050268221, 672.9353609374381, 672.9353609374381, 672.9353609374381, 672.9353609374381, 672.3005280378709, 671.9858629465355, 669.4542553453522, 670.4028639556964, 664.7134721065912, 664.7134721065912]]",[676.0855347294859],489.1734048128128,22.235154764218763,679.2990738153458,1579.3016684055328,22
86,86,[6966.5],6966.5,[1690.895653963089],1690.895653963089,"[[560.4159169759546, 564.5219216292668, 563.5778562008979, 564.8521930558471, 564.8521930558471, 565.795899596312, 565.795899596312, 566.1271941887264, 567.0705423490097, 567.4028551214736, 568.345845414568, 568.345845414568, 567.4028551214736, 567.4028551214736, 567.4028551214736, 567.0705423490097, 568.0140843324222, 568.0140843324222, 567.6838909111302, 567.6838909111302, 567.3552678877671, 567.3552678877671, 566.4106284313528]]",[566.4739297828786],361.9712977409363,22.623206108808517,497.1284236907959,1031.8964858055115,16
87,87,[4618.0],4618.0,[1067.5432798862457],1067.5432798862457,"[[420.46878599962685, 420.46878599962685, 421.4320823098308, 421.4320823098308, 421.4320823098308, 422.39554921897553, 422.39554921897553, 422.12912716371517, 421.16505078175703, 421.16505078175703, 420.9002257067582, 420.9002257067582, 419.935709365136, 418.9713594030026, 418.9713594030026, 418.9713594030026]]",[420.82089906759916],81.58912146091461,13.598186910152435,115.72541844844818,200.23756158351898,6
88,88,[6972.5],6972.5,[1932.5007733106613],1932.5007733106613,"[[585.5458991402809, 585.5458991402809, 586.2635925929565, 586.2635925929565, 586.2635925929565, 586.982112163565, 588.3961250722169, 588.3961250722169, 588.3961250722169, 587.7014548220891, 588.4216175498653, 588.4216175498653, 588.4216175498653, 587.7286788986904, 588.4505076894743, 587.7286788986904, 588.4505076894743, 588.4216175498653, 588.4216175498653, 589.1425973395575, 589.1425973395575, 589.1425973395575, 589.1425973395575, 588.4505076894743, 588.4505076894743, 588.4505076894743, 589.1731494221372, 589.1731494221372, 588.4827949906437, 589.207094322531, 588.5184788942485, 589.2444314543837, 587.1865121066729, 587.1865121066729]]",[588.068088656867],542.4482609033585,18.705112444943396,883.0457252264023,1563.2653954029083,21
89,89,[3156.5],3156.5,[1039.4011445045471],1039.4011445045471,"[[645.7809226045625, 644.045029481635, 644.045029481635, 644.045029481635, 644.045029481635, 644.045029481635, 643.6342128880348, 643.6342128880348, 643.6342128880348, 643.6342128880348, 644.137407701183, 644.137407701183, 643.7297569632773, 643.7297569632773, 643.3234023413107, 642.9183462929021, 641.599563590874]]",[643.7716801834638],11.656854152679443,5.828427076339722,17.899494767189026,57.882973432540894,1
90,90,[776.5],776.5,[337.97770273685455],337.97770273685455,"[[724.058699277897, 724.058699277897, 723.6027915921828, 724.0455786758179, 724.0455786758179, 724.9420666508463, 725.3854147968513, 724.9420666508463, 725.3854147968513]]",[724.4962567105564],0.0,0.0,0.0,0.0,0
91,91,[20314.0],20314.0,[3843.1588389873505],3843.1588389873505,"[[447.0984231687694, 449.3306132459706, 449.3306132459706, 449.8577552960491, 450.24993059410906, 451.16959117387336, 451.16959117387336, 452.0895928906128, 452.0895928906128, 451.6990148317793, 452.62014979450487, 453.00993366591865, 453.00993366591865, 453.54161881794266, 453.54161881794266, 452.76925690687085, 453.6926272268484, 452.76925690687085, 452.76925690687085, 452.76925690687085, 451.4620692815732, 451.4620692815732, 449.61539119563065, 449.2315661215271, 448.3079298874826, 448.3079298874826, 446.4616444891991, 446.07734755308974, 443.8468204234429, 443.8468204234429, 442.9232439147894, 442.0, 439.76925767952446, 439.76925767952446, 437.9235093027092, 437.00114416326187, 437.00114416326187, 437.00114416326187, 436.07912126126837, 436.07912126126837, 436.07912126126837]]",[447.19081174445756],1008.3360451459885,31.51050141081214,1351.1562496423721,2632.8385568857193,47
92,92,[10339.0],10339.0,[2316.7728514671326],2316.7728514671326,"[[456.20718977236646, 457.19361325372864, 457.19361325372864, 457.19361325372864, 457.3587213555679, 457.3587213555679, 457.5259555478793, 457.5259555478793, 457.5259555478793, 457.5259555478793, 457.5259555478793, 457.5259555478793, 457.3587213555679, 456.3726547460967, 456.3726547460967, 457.5259555478793, 457.5259555478793, 458.51172285995045, 458.51172285995045, 459.66618322430463, 459.66618322430463, 460.82209148433844, 461.8073191277938, 462.15365410218277, 462.15365410218277, 462.3299687452675, 462.5083783024909, 462.68888035050077, 462.68888035050077]]",[458.8388202141121],471.2798376083374,23.56399188041687,683.4090999364853,1314.9549357891083,20
93,93,"[17830.0, 439.0]",18269.0,"[3767.7252925634384, 191.33809351921082]",3959.0633860826492,"[[539.4089357806375, 538.3716188656308, 539.4089357806375, 539.3709298803561, 540.408179064677, 541.4074251430249, 653.5051644784454, 541.4074251430249, 542.3688781631926, 542.3688781631926, 542.3329235810786, 542.3329235810786, 544.1323368446319, 544.1112018696178, 544.1112018696178, 548.2955407442231, 547.1316112234789, 550.2944666267325, 549.1538946415659, 552.2934002864781, 552.2934002864781, 554.2923416393194, 554.2923416393194, 554.3257165241389, 555.3251299914313, 555.3251299914313, 555.3251299914313, 556.3245455667043, 556.3245455667043, 556.3595959449248, 557.3589507669183, 557.3957301594622, 557.3957301594622, 558.3950214677777, 558.4335233490195, 559.4327484157501, 559.4729662816604, 559.4729662816604, 560.5140497793075, 560.5140497793075, 562.555775012576, 562.555775012576, 562.6011020252271], [544.0450349006045, 543.0331481594839, 542.0230622399752, 541.0231048670657]]","[553.6860962177653, 542.5310875417823]",630.3232280015945,19.69760087504983,838.1294600963593,1725.132082104683,29
94,94,[1544.5],1544.5,[580.0853482484818],580.0853482484818,"[[618.0517777662321, 617.7159541407361, 619.3302834514069, 618.9935379307283, 620.2717146541506, 621.2133288975696, 621.2133288975696, 621.2133288975696, 621.5504806530198, 621.5504806530198, 620.948468071224, 620.948468071224, 620.6093779504141]]",[620.277733079605],47.63911163806915,4.763911163806915,118.15135443210602,252.415083527565,2
95,95,[1381.5],1381.5,[506.03152549266815],506.03152549266815,"[[142.61837188805654, 143.54441821262157, 143.54441821262157, 143.54441821262157, 143.54441821262157, 143.54441821262157, 143.54441821262157, 143.92359083902818, 143.92359083902818, 143.92359083902818]]",[143.56556536808708],9.242640614509583,4.621320307254791,17.485281229019165,60.3169105052948,1
96,96,[3113.5],3113.5,[977.6610300540924],977.6610300540924,"[[110.86027241532469, 110.86027241532469, 110.4943437466371, 110.4943437466371, 110.13627921806692, 110.13627921806692, 110.13627921806692, 109.20164833920778, 108.84851859350222, 108.84851859350222, 107.91200118615167, 107.56393447619885, 107.56393447619885, 108.16653826391968, 108.16653826391968, 108.16653826391968, 108.16653826391968, 108.78419002777932, 108.78419002777932]]",[109.1205873028486],308.9652168750763,19.31032605469227,444.6065341234207,972.3910121917725,6
97,97,[1297.0],1297.0,[602.8010774850845],602.8010774850845,"[[130.8166656049603, 131.52186130069785, 132.93607486307093, 132.93607486307093, 133.64505228402584, 133.64505228402584, 133.64505228402584, 135.05924625881784, 135.05924625881784, 135.77186748365804, 135.7645019878171]]",[133.70915413390802],153.58929240703583,25.598215401172638,254.85729956626892,510.4480359554291,5
98,98,[1119.0],1119.0,[539.9310202598572],539.9310202598572,"[[733.1698302576286, 731.8059852173935, 730.9370697946575, 730.9370697946575, 730.0684899377592, 730.0684899377592, 730.5648499620003, 733.1698302576286, 733.5448179900121, 733.5448179900121]]",[731.7811251139509],0.0,0.0,0.0,0.0,0
99,99,[10004.0],10004.0,[2086.322060108185],2086.322060108185,"[[531.8430219529067, 531.8430219529067, 532.0150373814635, 532.0150373814635, 531.672831730191, 531.672831730191, 532.490375499877, 531.5044684666348, 531.5044684666348, 531.5044684666348, 530.5186141880415, 530.5186141880415, 530.3517700545553, 530.3517700545553, 529.365658123003, 529.365658123003, 529.365658123003, 529.2003401359451, 529.2003401359451, 529.2003401359451, 529.2003401359451, 528.2139717955215, 528.0501870087729, 527.0635635291061, 527.0635635291061, 527.0635635291061, 527.0635635291061]]",[529.9712251610223],139.10142982006073,17.38767872750759,205.1286702156067,386.001625418663,5
100,100,[14916.0],14916.0,[3142.1496107578278],3142.1496107578278,"[[415.84251826863493, 412.6802636424475, 411.41341737964746, 411.41341737964746, 411.41341737964746, 411.41341737964746, 412.6802636424475, 412.6802636424475, 412.6802636424475, 413.0012106519786, 413.0012106519786, 413.32432785888614, 413.32432785888614, 413.6496101775028, 413.6496101775028, 414.9216793564781, 414.9216793564781, 415.25052679075554, 415.58152028212226, 415.9146547069483, 415.9146547069483, 416.8572897287512, 416.8572897287512, 416.8572897287512, 416.8572897287512, 416.8572897287512, 416.8572897287512, 416.8572897287512, 416.5249092191246, 415.58152028212226, 416.5249092191246, 416.5249092191246, 416.8572897287512, 416.8572897287512, 417.1918024122718, 417.1918024122718, 414.6383966783588]]",[414.8801651874227],321.70372009277344,16.085186004638672,439.98579239845276,1052.8509893417358,15
